ds,Airports,Class,y
7/10/1989,ADL-PER,Business,193
7/17/1989,ADL-PER,Business,254
7/24/1989,ADL-PER,Business,185
7/31/1989,ADL-PER,Business,254
8/7/1989,ADL-PER,Business,191
8/14/1989,ADL-PER,Business,136
8/21/1989,ADL-PER,Business,0
8/28/1989,ADL-PER,Business,0
9/4/1989,ADL-PER,Business,0
9/11/1989,ADL-PER,Business,0
9/18/1989,ADL-PER,Business,0
9/25/1989,ADL-PER,Business,0
10/2/1989,ADL-PER,Business,0
10/9/1989,ADL-PER,Business,0
10/16/1989,ADL-PER,Business,0
10/23/1989,ADL-PER,Business,23
10/30/1989,ADL-PER,Business,9
11/6/1989,ADL-PER,Business,0
11/13/1989,ADL-PER,Business,0
11/20/1989,ADL-PER,Business,0
11/27/1989,ADL-PER,Business,0
12/4/1989,ADL-PER,Business,28
12/11/1989,ADL-PER,Business,163
12/18/1989,ADL-PER,Business,68
12/25/1989,ADL-PER,Business,73
1/1/1990,ADL-PER,Business,120
1/8/1990,ADL-PER,Business,105
1/15/1990,ADL-PER,Business,119
1/22/1990,ADL-PER,Business,141
1/29/1990,ADL-PER,Business,176
2/5/1990,ADL-PER,Business,192
2/12/1990,ADL-PER,Business,192
2/19/1990,ADL-PER,Business,167
2/26/1990,ADL-PER,Business,191
3/5/1990,ADL-PER,Business,172
3/12/1990,ADL-PER,Business,268
3/19/1990,ADL-PER,Business,303
3/26/1990,ADL-PER,Business,279
4/2/1990,ADL-PER,Business,162
4/9/1990,ADL-PER,Business,166
4/16/1990,ADL-PER,Business,198
4/23/1990,ADL-PER,Business,249
4/30/1990,ADL-PER,Business,219
5/7/1990,ADL-PER,Business,195
5/14/1990,ADL-PER,Business,210
5/21/1990,ADL-PER,Business,202
5/28/1990,ADL-PER,Business,205
6/4/1990,ADL-PER,Business,182
6/11/1990,ADL-PER,Business,238
6/18/1990,ADL-PER,Business,172
6/25/1990,ADL-PER,Business,174
7/2/1990,ADL-PER,Business,208
7/9/1990,ADL-PER,Business,201
7/16/1990,ADL-PER,Business,218
7/23/1990,ADL-PER,Business,244
7/30/1990,ADL-PER,Business,231
8/6/1990,ADL-PER,Business,209
8/13/1990,ADL-PER,Business,228
8/20/1990,ADL-PER,Business,214
8/27/1990,ADL-PER,Business,228
9/3/1990,ADL-PER,Business,255
9/10/1990,ADL-PER,Business,247
9/17/1990,ADL-PER,Business,127
9/24/1990,ADL-PER,Business,222
10/1/1990,ADL-PER,Business,239
10/8/1990,ADL-PER,Business,270
10/15/1990,ADL-PER,Business,261
10/22/1990,ADL-PER,Business,238
10/29/1990,ADL-PER,Business,284
11/5/1990,ADL-PER,Business,267
11/12/1990,ADL-PER,Business,317
11/19/1990,ADL-PER,Business,275
11/26/1990,ADL-PER,Business,259
12/3/1990,ADL-PER,Business,203
12/10/1990,ADL-PER,Business,138
12/17/1990,ADL-PER,Business,52
12/24/1990,ADL-PER,Business,69
1/7/1991,ADL-PER,Business,108
1/14/1991,ADL-PER,Business,168
1/21/1991,ADL-PER,Business,138
1/28/1991,ADL-PER,Business,152
2/4/1991,ADL-PER,Business,217
2/11/1991,ADL-PER,Business,225
2/18/1991,ADL-PER,Business,264
2/25/1991,ADL-PER,Business,234
3/4/1991,ADL-PER,Business,222
3/11/1991,ADL-PER,Business,237
3/18/1991,ADL-PER,Business,280
3/25/1991,ADL-PER,Business,191
4/1/1991,ADL-PER,Business,169
4/8/1991,ADL-PER,Business,261
4/15/1991,ADL-PER,Business,268
4/22/1991,ADL-PER,Business,171
4/29/1991,ADL-PER,Business,273
5/6/1991,ADL-PER,Business,314
5/13/1991,ADL-PER,Business,234
5/20/1991,ADL-PER,Business,314
5/27/1991,ADL-PER,Business,235
6/3/1991,ADL-PER,Business,251
6/10/1991,ADL-PER,Business,232
6/17/1991,ADL-PER,Business,303
6/24/1991,ADL-PER,Business,246
7/1/1991,ADL-PER,Business,234
7/8/1991,ADL-PER,Business,215
7/15/1991,ADL-PER,Business,212
7/22/1991,ADL-PER,Business,243
7/29/1991,ADL-PER,Business,224
8/5/1991,ADL-PER,Business,258
8/12/1991,ADL-PER,Business,220
8/19/1991,ADL-PER,Business,222
8/26/1991,ADL-PER,Business,211
9/2/1991,ADL-PER,Business,241
9/9/1991,ADL-PER,Business,261
9/16/1991,ADL-PER,Business,249
9/23/1991,ADL-PER,Business,257
9/30/1991,ADL-PER,Business,220
10/7/1991,ADL-PER,Business,184
10/14/1991,ADL-PER,Business,221
10/21/1991,ADL-PER,Business,223
10/28/1991,ADL-PER,Business,206
11/4/1991,ADL-PER,Business,260
11/11/1991,ADL-PER,Business,270
11/18/1991,ADL-PER,Business,250
11/25/1991,ADL-PER,Business,260
12/2/1991,ADL-PER,Business,199
12/9/1991,ADL-PER,Business,177
12/16/1991,ADL-PER,Business,195
12/23/1991,ADL-PER,Business,60
12/30/1991,ADL-PER,Business,66
1/6/1992,ADL-PER,Business,138
1/13/1992,ADL-PER,Business,173
1/20/1992,ADL-PER,Business,142
1/27/1992,ADL-PER,Business,118
2/3/1992,ADL-PER,Business,269
2/10/1992,ADL-PER,Business,296
2/17/1992,ADL-PER,Business,259
2/24/1992,ADL-PER,Business,314
3/2/1992,ADL-PER,Business,255
3/9/1992,ADL-PER,Business,282
3/16/1992,ADL-PER,Business,290
3/23/1992,ADL-PER,Business,713
3/30/1992,ADL-PER,Business,910
4/6/1992,ADL-PER,Business,1015
4/13/1992,ADL-PER,Business,844
4/20/1992,ADL-PER,Business,718
4/27/1992,ADL-PER,Business,911
5/4/1992,ADL-PER,Business,890
5/11/1992,ADL-PER,Business,933
5/18/1992,ADL-PER,Business,901
5/25/1992,ADL-PER,Business,875
6/1/1992,ADL-PER,Business,666
6/8/1992,ADL-PER,Business,624
6/15/1992,ADL-PER,Business,619
6/22/1992,ADL-PER,Business,517
6/29/1992,ADL-PER,Business,436
7/6/1992,ADL-PER,Business,424
7/13/1992,ADL-PER,Business,363
7/20/1992,ADL-PER,Business,386
7/27/1992,ADL-PER,Business,398
8/3/1992,ADL-PER,Business,394
8/10/1992,ADL-PER,Business,397
8/17/1992,ADL-PER,Business,342
8/24/1992,ADL-PER,Business,414
8/31/1992,ADL-PER,Business,406
9/7/1992,ADL-PER,Business,394
9/14/1992,ADL-PER,Business,420
9/21/1992,ADL-PER,Business,331
9/28/1992,ADL-PER,Business,338
10/5/1992,ADL-PER,Business,325
10/12/1992,ADL-PER,Business,459
10/19/1992,ADL-PER,Business,464
10/26/1992,ADL-PER,Business,388
11/2/1992,ADL-PER,Business,342
11/9/1992,ADL-PER,Business,484
11/16/1992,ADL-PER,Business,428
11/23/1992,ADL-PER,Business,404
6/29/1987,ADL-PER,Economy,2084
7/6/1987,ADL-PER,Economy,2186
7/13/1987,ADL-PER,Economy,2137
7/20/1987,ADL-PER,Economy,2090
7/27/1987,ADL-PER,Economy,1595
8/3/1987,ADL-PER,Economy,1908
8/10/1987,ADL-PER,Economy,1778
8/17/1987,ADL-PER,Economy,1931
8/24/1987,ADL-PER,Economy,2062
8/31/1987,ADL-PER,Economy,2062
9/7/1987,ADL-PER,Economy,1976
9/14/1987,ADL-PER,Economy,1743
9/21/1987,ADL-PER,Economy,2635
9/28/1987,ADL-PER,Economy,2532
10/5/1987,ADL-PER,Economy,2390
10/12/1987,ADL-PER,Economy,2620
10/19/1987,ADL-PER,Economy,2314
10/26/1987,ADL-PER,Economy,2208
11/2/1987,ADL-PER,Economy,2039
11/9/1987,ADL-PER,Economy,2392
11/16/1987,ADL-PER,Economy,2838
11/23/1987,ADL-PER,Economy,2134
11/30/1987,ADL-PER,Economy,1957
12/7/1987,ADL-PER,Economy,2152
12/14/1987,ADL-PER,Economy,2584
12/21/1987,ADL-PER,Economy,2611
12/28/1987,ADL-PER,Economy,2245
1/4/1988,ADL-PER,Economy,2753
1/4/1988,ADL-PER,Economy,2666
1/11/1988,ADL-PER,Economy,2204
1/18/1988,ADL-PER,Economy,2395
1/25/1988,ADL-PER,Economy,2241
2/1/1988,ADL-PER,Economy,1929
2/8/1988,ADL-PER,Economy,2247
2/15/1988,ADL-PER,Economy,2764
2/22/1988,ADL-PER,Economy,2001
2/29/1988,ADL-PER,Economy,2169
3/7/1988,ADL-PER,Economy,1955
3/14/1988,ADL-PER,Economy,2516
3/21/1988,ADL-PER,Economy,2353
3/28/1988,ADL-PER,Economy,2299
4/4/1988,ADL-PER,Economy,2473
4/11/1988,ADL-PER,Economy,2412
4/18/1988,ADL-PER,Economy,2231
4/25/1988,ADL-PER,Economy,2224
5/2/1988,ADL-PER,Economy,2150
5/9/1988,ADL-PER,Economy,2063
5/16/1988,ADL-PER,Economy,2014
5/23/1988,ADL-PER,Economy,1717
5/30/1988,ADL-PER,Economy,1627
6/6/1988,ADL-PER,Economy,1969
6/13/1988,ADL-PER,Economy,1958
6/20/1988,ADL-PER,Economy,2014
6/27/1988,ADL-PER,Economy,2320
7/4/1988,ADL-PER,Economy,2173
7/11/1988,ADL-PER,Economy,2152
7/18/1988,ADL-PER,Economy,1887
7/25/1988,ADL-PER,Economy,1939
8/1/1988,ADL-PER,Economy,2565
8/8/1988,ADL-PER,Economy,2247
8/15/1988,ADL-PER,Economy,2291
8/22/1988,ADL-PER,Economy,1978
8/29/1988,ADL-PER,Economy,2243
9/5/1988,ADL-PER,Economy,2299
9/12/1988,ADL-PER,Economy,2790
9/19/1988,ADL-PER,Economy,2615
9/26/1988,ADL-PER,Economy,2058
10/3/1988,ADL-PER,Economy,2631
10/10/1988,ADL-PER,Economy,2240
10/17/1988,ADL-PER,Economy,2436
10/24/1988,ADL-PER,Economy,1957
10/31/1988,ADL-PER,Economy,2244
11/7/1988,ADL-PER,Economy,2308
11/14/1988,ADL-PER,Economy,1946
11/21/1988,ADL-PER,Economy,2190
11/28/1988,ADL-PER,Economy,2220
12/5/1988,ADL-PER,Economy,2723
12/12/1988,ADL-PER,Economy,2951
12/19/1988,ADL-PER,Economy,1742
12/26/1988,ADL-PER,Economy,2453
1/2/1989,ADL-PER,Economy,2469
1/9/1989,ADL-PER,Economy,2429
1/16/1989,ADL-PER,Economy,2391
1/23/1989,ADL-PER,Economy,2054
1/30/1989,ADL-PER,Economy,2127
2/6/1989,ADL-PER,Economy,2103
2/13/1989,ADL-PER,Economy,1958
2/20/1989,ADL-PER,Economy,2234
2/27/1989,ADL-PER,Economy,2030
3/6/1989,ADL-PER,Economy,2427
3/13/1989,ADL-PER,Economy,2733
3/20/1989,ADL-PER,Economy,2599
3/27/1989,ADL-PER,Economy,2639
4/3/1989,ADL-PER,Economy,2508
4/10/1989,ADL-PER,Economy,2379
4/17/1989,ADL-PER,Economy,2262
4/24/1989,ADL-PER,Economy,2502
5/1/1989,ADL-PER,Economy,2080
5/8/1989,ADL-PER,Economy,1930
5/15/1989,ADL-PER,Economy,1696
5/22/1989,ADL-PER,Economy,2014
5/29/1989,ADL-PER,Economy,1611
6/5/1989,ADL-PER,Economy,1759
6/12/1989,ADL-PER,Economy,1962
6/19/1989,ADL-PER,Economy,2060
6/26/1989,ADL-PER,Economy,2486
7/3/1989,ADL-PER,Economy,2481
7/10/1989,ADL-PER,Economy,2245
7/17/1989,ADL-PER,Economy,2215
7/24/1989,ADL-PER,Economy,1748
7/31/1989,ADL-PER,Economy,1647
8/7/1989,ADL-PER,Economy,1698
8/14/1989,ADL-PER,Economy,965
8/21/1989,ADL-PER,Economy,0
8/28/1989,ADL-PER,Economy,0
9/4/1989,ADL-PER,Economy,0
9/11/1989,ADL-PER,Economy,0
9/18/1989,ADL-PER,Economy,0
9/25/1989,ADL-PER,Economy,0
10/2/1989,ADL-PER,Economy,0
10/9/1989,ADL-PER,Economy,0
10/16/1989,ADL-PER,Economy,0
10/23/1989,ADL-PER,Economy,109
10/30/1989,ADL-PER,Economy,87
11/6/1989,ADL-PER,Economy,63
11/13/1989,ADL-PER,Economy,47
11/20/1989,ADL-PER,Economy,0
11/27/1989,ADL-PER,Economy,0
12/4/1989,ADL-PER,Economy,167
12/11/1989,ADL-PER,Economy,1428
12/18/1989,ADL-PER,Economy,1143
12/25/1989,ADL-PER,Economy,1242
1/1/1990,ADL-PER,Economy,1258
1/8/1990,ADL-PER,Economy,1438
1/15/1990,ADL-PER,Economy,1098
1/22/1990,ADL-PER,Economy,1321
1/29/1990,ADL-PER,Economy,1307
2/5/1990,ADL-PER,Economy,1398
2/12/1990,ADL-PER,Economy,1300
2/19/1990,ADL-PER,Economy,1330
2/26/1990,ADL-PER,Economy,1652
3/5/1990,ADL-PER,Economy,1427
3/12/1990,ADL-PER,Economy,1882
3/19/1990,ADL-PER,Economy,2120
3/26/1990,ADL-PER,Economy,2317
4/2/1990,ADL-PER,Economy,2514
4/9/1990,ADL-PER,Economy,2298
4/16/1990,ADL-PER,Economy,2351
4/23/1990,ADL-PER,Economy,2104
4/30/1990,ADL-PER,Economy,1731
5/7/1990,ADL-PER,Economy,1620
5/14/1990,ADL-PER,Economy,1475
5/21/1990,ADL-PER,Economy,1423
5/28/1990,ADL-PER,Economy,1538
6/4/1990,ADL-PER,Economy,1549
6/11/1990,ADL-PER,Economy,1559
6/18/1990,ADL-PER,Economy,1945
6/25/1990,ADL-PER,Economy,2415
7/2/1990,ADL-PER,Economy,2345
7/9/1990,ADL-PER,Economy,2183
7/16/1990,ADL-PER,Economy,2036
7/23/1990,ADL-PER,Economy,1685
7/30/1990,ADL-PER,Economy,1728
8/6/1990,ADL-PER,Economy,1799
8/13/1990,ADL-PER,Economy,1981
8/20/1990,ADL-PER,Economy,1986
8/27/1990,ADL-PER,Economy,2101
9/3/1990,ADL-PER,Economy,2331
9/10/1990,ADL-PER,Economy,2642
9/17/1990,ADL-PER,Economy,1538
9/24/1990,ADL-PER,Economy,2501
10/1/1990,ADL-PER,Economy,2653
10/8/1990,ADL-PER,Economy,2283
10/15/1990,ADL-PER,Economy,2209
10/22/1990,ADL-PER,Economy,2152
10/29/1990,ADL-PER,Economy,2200
11/5/1990,ADL-PER,Economy,1970
11/12/1990,ADL-PER,Economy,1864
11/19/1990,ADL-PER,Economy,1965
11/26/1990,ADL-PER,Economy,1990
12/3/1990,ADL-PER,Economy,1977
12/10/1990,ADL-PER,Economy,2697
12/17/1990,ADL-PER,Economy,2238
12/24/1990,ADL-PER,Economy,2323
1/7/1991,ADL-PER,Economy,2653
1/14/1991,ADL-PER,Economy,2453
1/21/1991,ADL-PER,Economy,1474
1/28/1991,ADL-PER,Economy,2437
2/4/1991,ADL-PER,Economy,1905
2/11/1991,ADL-PER,Economy,1860
2/18/1991,ADL-PER,Economy,1806
2/25/1991,ADL-PER,Economy,1866
3/4/1991,ADL-PER,Economy,1581
3/11/1991,ADL-PER,Economy,1790
3/18/1991,ADL-PER,Economy,2210
3/25/1991,ADL-PER,Economy,1928
4/1/1991,ADL-PER,Economy,1805
4/8/1991,ADL-PER,Economy,2073
4/15/1991,ADL-PER,Economy,2227
4/22/1991,ADL-PER,Economy,1925
4/29/1991,ADL-PER,Economy,2018
5/6/1991,ADL-PER,Economy,1924
5/13/1991,ADL-PER,Economy,1595
5/20/1991,ADL-PER,Economy,1665
5/27/1991,ADL-PER,Economy,1664
6/3/1991,ADL-PER,Economy,1640
6/10/1991,ADL-PER,Economy,1494
6/17/1991,ADL-PER,Economy,1682
6/24/1991,ADL-PER,Economy,1776
7/1/1991,ADL-PER,Economy,2008
7/8/1991,ADL-PER,Economy,2129
7/15/1991,ADL-PER,Economy,2284
7/22/1991,ADL-PER,Economy,2030
7/29/1991,ADL-PER,Economy,2024
8/5/1991,ADL-PER,Economy,2022
8/12/1991,ADL-PER,Economy,2036
8/19/1991,ADL-PER,Economy,2070
8/26/1991,ADL-PER,Economy,2286
9/2/1991,ADL-PER,Economy,2305
9/9/1991,ADL-PER,Economy,2426
9/16/1991,ADL-PER,Economy,2483
9/23/1991,ADL-PER,Economy,2697
9/30/1991,ADL-PER,Economy,2617
10/7/1991,ADL-PER,Economy,2605
10/14/1991,ADL-PER,Economy,2560
10/21/1991,ADL-PER,Economy,2655
10/28/1991,ADL-PER,Economy,2376
11/4/1991,ADL-PER,Economy,2442
11/11/1991,ADL-PER,Economy,2509
11/18/1991,ADL-PER,Economy,2649
11/25/1991,ADL-PER,Economy,2501
12/2/1991,ADL-PER,Economy,2496
12/9/1991,ADL-PER,Economy,2711
12/16/1991,ADL-PER,Economy,2913
12/23/1991,ADL-PER,Economy,2909
12/30/1991,ADL-PER,Economy,3163
1/6/1992,ADL-PER,Economy,3305
1/13/1992,ADL-PER,Economy,3036
1/20/1992,ADL-PER,Economy,2977
1/27/1992,ADL-PER,Economy,2444
2/3/1992,ADL-PER,Economy,2480
2/10/1992,ADL-PER,Economy,2393
2/17/1992,ADL-PER,Economy,2282
2/24/1992,ADL-PER,Economy,2417
3/2/1992,ADL-PER,Economy,2266
3/9/1992,ADL-PER,Economy,2353
3/16/1992,ADL-PER,Economy,2354
3/23/1992,ADL-PER,Economy,1670
3/30/1992,ADL-PER,Economy,1612
4/6/1992,ADL-PER,Economy,1485
4/13/1992,ADL-PER,Economy,1934
4/20/1992,ADL-PER,Economy,1856
4/27/1992,ADL-PER,Economy,1776
5/4/1992,ADL-PER,Economy,1629
5/11/1992,ADL-PER,Economy,1427
5/18/1992,ADL-PER,Economy,1558
5/25/1992,ADL-PER,Economy,1480
6/1/1992,ADL-PER,Economy,1416
6/8/1992,ADL-PER,Economy,1768
6/15/1992,ADL-PER,Economy,1888
6/22/1992,ADL-PER,Economy,2242
6/29/1992,ADL-PER,Economy,2692
7/6/1992,ADL-PER,Economy,2519
7/13/1992,ADL-PER,Economy,2535
7/20/1992,ADL-PER,Economy,2534
7/27/1992,ADL-PER,Economy,2700
8/3/1992,ADL-PER,Economy,2578
8/10/1992,ADL-PER,Economy,2488
8/17/1992,ADL-PER,Economy,2681
8/24/1992,ADL-PER,Economy,2634
8/31/1992,ADL-PER,Economy,2483
9/7/1992,ADL-PER,Economy,2753
9/14/1992,ADL-PER,Economy,2837
9/21/1992,ADL-PER,Economy,3048
9/28/1992,ADL-PER,Economy,3061
10/5/1992,ADL-PER,Economy,2943
10/12/1992,ADL-PER,Economy,2789
10/19/1992,ADL-PER,Economy,2823
10/26/1992,ADL-PER,Economy,2799
11/2/1992,ADL-PER,Economy,2650
11/9/1992,ADL-PER,Economy,3059
11/16/1992,ADL-PER,Economy,2783
11/23/1992,ADL-PER,Economy,2722
6/29/1987,ADL-PER,First,252
7/6/1987,ADL-PER,First,193
7/13/1987,ADL-PER,First,159
7/20/1987,ADL-PER,First,219
7/27/1987,ADL-PER,First,192
8/3/1987,ADL-PER,First,219
8/10/1987,ADL-PER,First,191
8/17/1987,ADL-PER,First,229
8/24/1987,ADL-PER,First,197
8/31/1987,ADL-PER,First,209
9/7/1987,ADL-PER,First,204
9/14/1987,ADL-PER,First,195
9/21/1987,ADL-PER,First,214
9/28/1987,ADL-PER,First,219
10/5/1987,ADL-PER,First,289
10/12/1987,ADL-PER,First,233
10/19/1987,ADL-PER,First,286
10/26/1987,ADL-PER,First,262
11/2/1987,ADL-PER,First,183
11/9/1987,ADL-PER,First,341
11/16/1987,ADL-PER,First,328
11/23/1987,ADL-PER,First,222
11/30/1987,ADL-PER,First,223
12/7/1987,ADL-PER,First,250
12/14/1987,ADL-PER,First,173
12/21/1987,ADL-PER,First,64
12/28/1987,ADL-PER,First,38
1/4/1988,ADL-PER,First,67
1/4/1988,ADL-PER,First,112
1/11/1988,ADL-PER,First,120
1/18/1988,ADL-PER,First,129
1/25/1988,ADL-PER,First,159
2/1/1988,ADL-PER,First,308
2/8/1988,ADL-PER,First,227
2/15/1988,ADL-PER,First,316
2/22/1988,ADL-PER,First,232
2/29/1988,ADL-PER,First,223
3/7/1988,ADL-PER,First,243
3/14/1988,ADL-PER,First,186
3/21/1988,ADL-PER,First,100
3/28/1988,ADL-PER,First,149
4/4/1988,ADL-PER,First,264
4/11/1988,ADL-PER,First,303
4/18/1988,ADL-PER,First,255
4/25/1988,ADL-PER,First,242
5/2/1988,ADL-PER,First,260
5/9/1988,ADL-PER,First,241
5/16/1988,ADL-PER,First,234
5/23/1988,ADL-PER,First,214
5/30/1988,ADL-PER,First,164
6/6/1988,ADL-PER,First,219
6/13/1988,ADL-PER,First,186
6/20/1988,ADL-PER,First,195
6/27/1988,ADL-PER,First,180
7/4/1988,ADL-PER,First,181
7/11/1988,ADL-PER,First,219
7/18/1988,ADL-PER,First,191
7/25/1988,ADL-PER,First,211
8/1/1988,ADL-PER,First,196
8/8/1988,ADL-PER,First,198
8/15/1988,ADL-PER,First,204
8/22/1988,ADL-PER,First,208
8/29/1988,ADL-PER,First,220
9/5/1988,ADL-PER,First,199
9/12/1988,ADL-PER,First,253
9/19/1988,ADL-PER,First,161
9/26/1988,ADL-PER,First,109
10/3/1988,ADL-PER,First,180
10/10/1988,ADL-PER,First,175
10/17/1988,ADL-PER,First,200
10/24/1988,ADL-PER,First,167
10/31/1988,ADL-PER,First,277
11/7/1988,ADL-PER,First,339
11/14/1988,ADL-PER,First,203
11/21/1988,ADL-PER,First,264
11/28/1988,ADL-PER,First,204
12/5/1988,ADL-PER,First,164
12/12/1988,ADL-PER,First,134
12/19/1988,ADL-PER,First,47
12/26/1988,ADL-PER,First,51
1/2/1989,ADL-PER,First,143
1/9/1989,ADL-PER,First,141
1/16/1989,ADL-PER,First,150
1/23/1989,ADL-PER,First,142
1/30/1989,ADL-PER,First,194
2/6/1989,ADL-PER,First,210
2/13/1989,ADL-PER,First,218
2/20/1989,ADL-PER,First,156
2/27/1989,ADL-PER,First,193
3/6/1989,ADL-PER,First,296
3/13/1989,ADL-PER,First,142
3/20/1989,ADL-PER,First,136
3/27/1989,ADL-PER,First,226
4/3/1989,ADL-PER,First,217
4/10/1989,ADL-PER,First,177
4/17/1989,ADL-PER,First,167
4/24/1989,ADL-PER,First,194
5/1/1989,ADL-PER,First,163
5/8/1989,ADL-PER,First,181
5/15/1989,ADL-PER,First,208
5/22/1989,ADL-PER,First,225
5/29/1989,ADL-PER,First,172
6/5/1989,ADL-PER,First,158
6/12/1989,ADL-PER,First,188
6/19/1989,ADL-PER,First,141
6/26/1989,ADL-PER,First,183
7/3/1989,ADL-PER,First,158
7/10/1989,ADL-PER,First,159
7/17/1989,ADL-PER,First,132
7/24/1989,ADL-PER,First,94
7/31/1989,ADL-PER,First,200
8/7/1989,ADL-PER,First,152
8/14/1989,ADL-PER,First,91
8/21/1989,ADL-PER,First,0
8/28/1989,ADL-PER,First,0
9/4/1989,ADL-PER,First,0
9/11/1989,ADL-PER,First,0
9/18/1989,ADL-PER,First,0
9/25/1989,ADL-PER,First,0
10/2/1989,ADL-PER,First,0
10/9/1989,ADL-PER,First,0
10/16/1989,ADL-PER,First,0
10/23/1989,ADL-PER,First,8
10/30/1989,ADL-PER,First,13
11/6/1989,ADL-PER,First,0
11/13/1989,ADL-PER,First,0
11/20/1989,ADL-PER,First,0
11/27/1989,ADL-PER,First,0
12/4/1989,ADL-PER,First,10
12/11/1989,ADL-PER,First,99
12/18/1989,ADL-PER,First,27
12/25/1989,ADL-PER,First,43
1/1/1990,ADL-PER,First,68
1/8/1990,ADL-PER,First,91
1/15/1990,ADL-PER,First,92
1/22/1990,ADL-PER,First,85
1/29/1990,ADL-PER,First,140
2/5/1990,ADL-PER,First,109
2/12/1990,ADL-PER,First,119
2/19/1990,ADL-PER,First,138
2/26/1990,ADL-PER,First,129
3/5/1990,ADL-PER,First,134
3/12/1990,ADL-PER,First,205
3/19/1990,ADL-PER,First,185
3/26/1990,ADL-PER,First,160
4/2/1990,ADL-PER,First,95
4/9/1990,ADL-PER,First,120
4/16/1990,ADL-PER,First,109
4/23/1990,ADL-PER,First,159
4/30/1990,ADL-PER,First,134
5/7/1990,ADL-PER,First,119
5/14/1990,ADL-PER,First,121
5/21/1990,ADL-PER,First,125
5/28/1990,ADL-PER,First,113
6/4/1990,ADL-PER,First,107
6/11/1990,ADL-PER,First,118
6/18/1990,ADL-PER,First,110
6/25/1990,ADL-PER,First,105
7/2/1990,ADL-PER,First,109
7/9/1990,ADL-PER,First,108
7/16/1990,ADL-PER,First,113
7/23/1990,ADL-PER,First,104
7/30/1990,ADL-PER,First,145
8/6/1990,ADL-PER,First,123
8/13/1990,ADL-PER,First,97
8/20/1990,ADL-PER,First,99
8/27/1990,ADL-PER,First,140
9/3/1990,ADL-PER,First,135
9/10/1990,ADL-PER,First,151
9/17/1990,ADL-PER,First,59
9/24/1990,ADL-PER,First,82
10/1/1990,ADL-PER,First,131
10/8/1990,ADL-PER,First,132
10/15/1990,ADL-PER,First,160
10/22/1990,ADL-PER,First,171
10/29/1990,ADL-PER,First,164
11/5/1990,ADL-PER,First,145
11/12/1990,ADL-PER,First,140
11/19/1990,ADL-PER,First,130
11/26/1990,ADL-PER,First,156
12/3/1990,ADL-PER,First,161
12/10/1990,ADL-PER,First,125
12/17/1990,ADL-PER,First,15
12/24/1990,ADL-PER,First,41
1/7/1991,ADL-PER,First,59
1/14/1991,ADL-PER,First,81
1/21/1991,ADL-PER,First,69
1/28/1991,ADL-PER,First,89
2/4/1991,ADL-PER,First,93
2/11/1991,ADL-PER,First,136
2/18/1991,ADL-PER,First,158
2/25/1991,ADL-PER,First,139
3/4/1991,ADL-PER,First,116
3/11/1991,ADL-PER,First,122
3/18/1991,ADL-PER,First,151
3/25/1991,ADL-PER,First,79
4/1/1991,ADL-PER,First,73
4/8/1991,ADL-PER,First,126
4/15/1991,ADL-PER,First,129
4/22/1991,ADL-PER,First,69
4/29/1991,ADL-PER,First,115
5/6/1991,ADL-PER,First,101
5/13/1991,ADL-PER,First,100
5/20/1991,ADL-PER,First,106
5/27/1991,ADL-PER,First,97
6/3/1991,ADL-PER,First,65
6/10/1991,ADL-PER,First,109
6/17/1991,ADL-PER,First,104
6/24/1991,ADL-PER,First,96
7/1/1991,ADL-PER,First,58
7/8/1991,ADL-PER,First,71
7/15/1991,ADL-PER,First,79
7/22/1991,ADL-PER,First,76
7/29/1991,ADL-PER,First,70
8/5/1991,ADL-PER,First,86
8/12/1991,ADL-PER,First,91
8/19/1991,ADL-PER,First,63
8/26/1991,ADL-PER,First,79
9/2/1991,ADL-PER,First,110
9/9/1991,ADL-PER,First,70
9/16/1991,ADL-PER,First,75
9/23/1991,ADL-PER,First,91
9/30/1991,ADL-PER,First,74
10/7/1991,ADL-PER,First,76
10/14/1991,ADL-PER,First,80
10/21/1991,ADL-PER,First,117
10/28/1991,ADL-PER,First,73
11/4/1991,ADL-PER,First,99
11/11/1991,ADL-PER,First,93
11/18/1991,ADL-PER,First,61
11/25/1991,ADL-PER,First,107
12/2/1991,ADL-PER,First,65
12/9/1991,ADL-PER,First,84
12/16/1991,ADL-PER,First,101
12/23/1991,ADL-PER,First,38
12/30/1991,ADL-PER,First,43
1/6/1992,ADL-PER,First,58
1/13/1992,ADL-PER,First,75
1/20/1992,ADL-PER,First,87
1/27/1992,ADL-PER,First,61
2/3/1992,ADL-PER,First,149
2/10/1992,ADL-PER,First,228
2/17/1992,ADL-PER,First,142
2/24/1992,ADL-PER,First,175
3/2/1992,ADL-PER,First,163
3/9/1992,ADL-PER,First,192
3/16/1992,ADL-PER,First,181
3/23/1992,ADL-PER,First,321
3/30/1992,ADL-PER,First,236
4/6/1992,ADL-PER,First,252
4/13/1992,ADL-PER,First,203
4/20/1992,ADL-PER,First,195
4/27/1992,ADL-PER,First,226
5/4/1992,ADL-PER,First,218
5/11/1992,ADL-PER,First,212
5/18/1992,ADL-PER,First,231
5/25/1992,ADL-PER,First,207
6/1/1992,ADL-PER,First,160
6/8/1992,ADL-PER,First,134
6/15/1992,ADL-PER,First,155
6/22/1992,ADL-PER,First,174
6/29/1992,ADL-PER,First,153
7/6/1992,ADL-PER,First,151
7/13/1992,ADL-PER,First,134
7/20/1992,ADL-PER,First,131
7/27/1992,ADL-PER,First,142
8/3/1992,ADL-PER,First,153
8/10/1992,ADL-PER,First,110
8/17/1992,ADL-PER,First,160
8/24/1992,ADL-PER,First,158
8/31/1992,ADL-PER,First,170
9/7/1992,ADL-PER,First,146
9/14/1992,ADL-PER,First,144
9/21/1992,ADL-PER,First,113
9/28/1992,ADL-PER,First,154
10/5/1992,ADL-PER,First,139
10/12/1992,ADL-PER,First,126
10/19/1992,ADL-PER,First,145
10/26/1992,ADL-PER,First,127
11/2/1992,ADL-PER,First,117
11/9/1992,ADL-PER,First,180
11/16/1992,ADL-PER,First,146
11/23/1992,ADL-PER,First,116
7/10/1989,MEL-ADL,Business,423
7/17/1989,MEL-ADL,Business,573
7/24/1989,MEL-ADL,Business,603
7/31/1989,MEL-ADL,Business,621
8/7/1989,MEL-ADL,Business,514
8/14/1989,MEL-ADL,Business,298
8/21/1989,MEL-ADL,Business,0
8/28/1989,MEL-ADL,Business,0
9/4/1989,MEL-ADL,Business,0
9/11/1989,MEL-ADL,Business,0
9/18/1989,MEL-ADL,Business,0
9/25/1989,MEL-ADL,Business,0
10/2/1989,MEL-ADL,Business,0
10/9/1989,MEL-ADL,Business,78
10/16/1989,MEL-ADL,Business,31
10/23/1989,MEL-ADL,Business,99
10/30/1989,MEL-ADL,Business,109
11/6/1989,MEL-ADL,Business,75
11/13/1989,MEL-ADL,Business,75
11/20/1989,MEL-ADL,Business,56
11/27/1989,MEL-ADL,Business,53
12/4/1989,MEL-ADL,Business,76
12/11/1989,MEL-ADL,Business,65
12/18/1989,MEL-ADL,Business,27
12/25/1989,MEL-ADL,Business,71
1/1/1990,MEL-ADL,Business,93
1/8/1990,MEL-ADL,Business,202
1/15/1990,MEL-ADL,Business,290
1/22/1990,MEL-ADL,Business,244
1/29/1990,MEL-ADL,Business,344
2/5/1990,MEL-ADL,Business,347
2/12/1990,MEL-ADL,Business,446
2/19/1990,MEL-ADL,Business,429
2/26/1990,MEL-ADL,Business,473
3/5/1990,MEL-ADL,Business,471
3/12/1990,MEL-ADL,Business,559
3/19/1990,MEL-ADL,Business,568
3/26/1990,MEL-ADL,Business,624
4/2/1990,MEL-ADL,Business,457
4/9/1990,MEL-ADL,Business,385
4/16/1990,MEL-ADL,Business,506
4/23/1990,MEL-ADL,Business,651
4/30/1990,MEL-ADL,Business,464
5/7/1990,MEL-ADL,Business,513
5/14/1990,MEL-ADL,Business,518
5/21/1990,MEL-ADL,Business,432
5/28/1990,MEL-ADL,Business,487
6/4/1990,MEL-ADL,Business,413
6/11/1990,MEL-ADL,Business,450
6/18/1990,MEL-ADL,Business,444
6/25/1990,MEL-ADL,Business,425
7/2/1990,MEL-ADL,Business,416
7/9/1990,MEL-ADL,Business,429
7/16/1990,MEL-ADL,Business,464
7/23/1990,MEL-ADL,Business,414
7/30/1990,MEL-ADL,Business,433
8/6/1990,MEL-ADL,Business,399
8/13/1990,MEL-ADL,Business,425
8/20/1990,MEL-ADL,Business,421
8/27/1990,MEL-ADL,Business,439
9/3/1990,MEL-ADL,Business,426
9/10/1990,MEL-ADL,Business,519
9/17/1990,MEL-ADL,Business,261
9/24/1990,MEL-ADL,Business,494
10/1/1990,MEL-ADL,Business,414
10/8/1990,MEL-ADL,Business,414
10/15/1990,MEL-ADL,Business,557
10/22/1990,MEL-ADL,Business,535
10/29/1990,MEL-ADL,Business,575
11/5/1990,MEL-ADL,Business,401
11/12/1990,MEL-ADL,Business,543
11/19/1990,MEL-ADL,Business,410
11/26/1990,MEL-ADL,Business,453
12/3/1990,MEL-ADL,Business,393
12/10/1990,MEL-ADL,Business,241
12/17/1990,MEL-ADL,Business,53
12/24/1990,MEL-ADL,Business,152
1/7/1991,MEL-ADL,Business,175
1/14/1991,MEL-ADL,Business,259
1/21/1991,MEL-ADL,Business,282
1/28/1991,MEL-ADL,Business,239
2/4/1991,MEL-ADL,Business,418
2/11/1991,MEL-ADL,Business,481
2/18/1991,MEL-ADL,Business,465
2/25/1991,MEL-ADL,Business,416
3/4/1991,MEL-ADL,Business,517
3/11/1991,MEL-ADL,Business,473
3/18/1991,MEL-ADL,Business,494
3/25/1991,MEL-ADL,Business,379
4/1/1991,MEL-ADL,Business,380
4/8/1991,MEL-ADL,Business,560
4/15/1991,MEL-ADL,Business,531
4/22/1991,MEL-ADL,Business,445
4/29/1991,MEL-ADL,Business,514
5/6/1991,MEL-ADL,Business,499
5/13/1991,MEL-ADL,Business,500
5/20/1991,MEL-ADL,Business,580
5/27/1991,MEL-ADL,Business,486
6/3/1991,MEL-ADL,Business,523
6/10/1991,MEL-ADL,Business,417
6/17/1991,MEL-ADL,Business,461
6/24/1991,MEL-ADL,Business,408
7/1/1991,MEL-ADL,Business,406
7/8/1991,MEL-ADL,Business,375
7/15/1991,MEL-ADL,Business,359
7/22/1991,MEL-ADL,Business,411
7/29/1991,MEL-ADL,Business,376
8/5/1991,MEL-ADL,Business,400
8/12/1991,MEL-ADL,Business,394
8/19/1991,MEL-ADL,Business,421
8/26/1991,MEL-ADL,Business,378
9/2/1991,MEL-ADL,Business,437
9/9/1991,MEL-ADL,Business,433
9/16/1991,MEL-ADL,Business,390
9/23/1991,MEL-ADL,Business,404
9/30/1991,MEL-ADL,Business,461
10/7/1991,MEL-ADL,Business,432
10/14/1991,MEL-ADL,Business,373
10/21/1991,MEL-ADL,Business,438
10/28/1991,MEL-ADL,Business,542
11/4/1991,MEL-ADL,Business,531
11/11/1991,MEL-ADL,Business,409
11/18/1991,MEL-ADL,Business,526
11/25/1991,MEL-ADL,Business,462
12/2/1991,MEL-ADL,Business,461
12/9/1991,MEL-ADL,Business,401
12/16/1991,MEL-ADL,Business,341
12/23/1991,MEL-ADL,Business,76
12/30/1991,MEL-ADL,Business,115
1/6/1992,MEL-ADL,Business,185
1/13/1992,MEL-ADL,Business,315
1/20/1992,MEL-ADL,Business,321
1/27/1992,MEL-ADL,Business,305
2/3/1992,MEL-ADL,Business,365
2/10/1992,MEL-ADL,Business,325
2/17/1992,MEL-ADL,Business,336
2/24/1992,MEL-ADL,Business,370
3/2/1992,MEL-ADL,Business,492
3/9/1992,MEL-ADL,Business,454
3/16/1992,MEL-ADL,Business,479
3/23/1992,MEL-ADL,Business,2794
3/30/1992,MEL-ADL,Business,2725
4/6/1992,MEL-ADL,Business,2956
4/13/1992,MEL-ADL,Business,2469
4/20/1992,MEL-ADL,Business,1840
4/27/1992,MEL-ADL,Business,2744
5/4/1992,MEL-ADL,Business,2482
5/11/1992,MEL-ADL,Business,2468
5/18/1992,MEL-ADL,Business,2457
5/25/1992,MEL-ADL,Business,2155
6/1/1992,MEL-ADL,Business,2074
6/8/1992,MEL-ADL,Business,1789
6/15/1992,MEL-ADL,Business,1618
6/22/1992,MEL-ADL,Business,1185
6/29/1992,MEL-ADL,Business,879
7/6/1992,MEL-ADL,Business,868
7/13/1992,MEL-ADL,Business,751
7/20/1992,MEL-ADL,Business,764
7/27/1992,MEL-ADL,Business,707
8/3/1992,MEL-ADL,Business,753
8/10/1992,MEL-ADL,Business,761
8/17/1992,MEL-ADL,Business,863
8/24/1992,MEL-ADL,Business,817
8/31/1992,MEL-ADL,Business,691
9/7/1992,MEL-ADL,Business,738
9/14/1992,MEL-ADL,Business,701
9/21/1992,MEL-ADL,Business,737
9/28/1992,MEL-ADL,Business,784
10/5/1992,MEL-ADL,Business,653
10/12/1992,MEL-ADL,Business,736
10/19/1992,MEL-ADL,Business,793
10/26/1992,MEL-ADL,Business,729
11/2/1992,MEL-ADL,Business,895
11/9/1992,MEL-ADL,Business,1053
11/16/1992,MEL-ADL,Business,732
11/23/1992,MEL-ADL,Business,836
6/29/1987,MEL-ADL,Economy,6738
7/6/1987,MEL-ADL,Economy,7059
7/13/1987,MEL-ADL,Economy,6914
7/20/1987,MEL-ADL,Economy,6793
7/27/1987,MEL-ADL,Economy,6713
8/3/1987,MEL-ADL,Economy,6979
8/10/1987,MEL-ADL,Economy,6727
8/17/1987,MEL-ADL,Economy,6827
8/24/1987,MEL-ADL,Economy,7338
8/31/1987,MEL-ADL,Economy,6632
9/7/1987,MEL-ADL,Economy,6912
9/14/1987,MEL-ADL,Economy,7289
9/21/1987,MEL-ADL,Economy,8054
9/28/1987,MEL-ADL,Economy,8314
10/5/1987,MEL-ADL,Economy,7945
10/12/1987,MEL-ADL,Economy,7842
10/19/1987,MEL-ADL,Economy,7512
10/26/1987,MEL-ADL,Economy,7317
11/2/1987,MEL-ADL,Economy,6556
11/9/1987,MEL-ADL,Economy,8824
11/16/1987,MEL-ADL,Economy,9714
11/23/1987,MEL-ADL,Economy,7572
11/30/1987,MEL-ADL,Economy,7364
12/7/1987,MEL-ADL,Economy,7342
12/14/1987,MEL-ADL,Economy,6965
12/21/1987,MEL-ADL,Economy,6528
12/28/1987,MEL-ADL,Economy,5597
1/4/1988,MEL-ADL,Economy,6180
1/4/1988,MEL-ADL,Economy,7001
1/11/1988,MEL-ADL,Economy,6983
1/18/1988,MEL-ADL,Economy,6303
1/25/1988,MEL-ADL,Economy,6938
2/1/1988,MEL-ADL,Economy,7539
2/8/1988,MEL-ADL,Economy,7468
2/15/1988,MEL-ADL,Economy,8734
2/22/1988,MEL-ADL,Economy,8299
2/29/1988,MEL-ADL,Economy,7862
3/7/1988,MEL-ADL,Economy,7823
3/14/1988,MEL-ADL,Economy,7900
3/21/1988,MEL-ADL,Economy,7063
3/28/1988,MEL-ADL,Economy,6970
4/4/1988,MEL-ADL,Economy,7873
4/11/1988,MEL-ADL,Economy,7662
4/18/1988,MEL-ADL,Economy,7164
4/25/1988,MEL-ADL,Economy,6966
5/2/1988,MEL-ADL,Economy,6721
5/9/1988,MEL-ADL,Economy,7162
5/16/1988,MEL-ADL,Economy,7073
5/23/1988,MEL-ADL,Economy,6372
5/30/1988,MEL-ADL,Economy,6318
6/6/1988,MEL-ADL,Economy,7131
6/13/1988,MEL-ADL,Economy,6130
6/20/1988,MEL-ADL,Economy,7140
6/27/1988,MEL-ADL,Economy,7202
7/4/1988,MEL-ADL,Economy,7340
7/11/1988,MEL-ADL,Economy,7644
7/18/1988,MEL-ADL,Economy,6749
7/25/1988,MEL-ADL,Economy,7073
8/1/1988,MEL-ADL,Economy,7457
8/8/1988,MEL-ADL,Economy,7146
8/15/1988,MEL-ADL,Economy,7478
8/22/1988,MEL-ADL,Economy,7103
8/29/1988,MEL-ADL,Economy,7495
9/5/1988,MEL-ADL,Economy,7348
9/12/1988,MEL-ADL,Economy,8192
9/19/1988,MEL-ADL,Economy,8911
9/26/1988,MEL-ADL,Economy,6024
10/3/1988,MEL-ADL,Economy,7573
10/10/1988,MEL-ADL,Economy,6643
10/17/1988,MEL-ADL,Economy,7958
10/24/1988,MEL-ADL,Economy,6675
10/31/1988,MEL-ADL,Economy,8502
11/7/1988,MEL-ADL,Economy,10014
11/14/1988,MEL-ADL,Economy,7327
11/21/1988,MEL-ADL,Economy,6972
11/28/1988,MEL-ADL,Economy,7439
12/5/1988,MEL-ADL,Economy,7430
12/12/1988,MEL-ADL,Economy,6556
12/19/1988,MEL-ADL,Economy,5479
12/26/1988,MEL-ADL,Economy,6246
1/2/1989,MEL-ADL,Economy,6220
1/9/1989,MEL-ADL,Economy,6801
1/16/1989,MEL-ADL,Economy,6475
1/23/1989,MEL-ADL,Economy,6229
1/30/1989,MEL-ADL,Economy,7097
2/6/1989,MEL-ADL,Economy,7031
2/13/1989,MEL-ADL,Economy,6897
2/20/1989,MEL-ADL,Economy,7651
2/27/1989,MEL-ADL,Economy,7476
3/6/1989,MEL-ADL,Economy,7200
3/13/1989,MEL-ADL,Economy,7636
3/20/1989,MEL-ADL,Economy,6629
3/27/1989,MEL-ADL,Economy,7662
4/3/1989,MEL-ADL,Economy,7977
4/10/1989,MEL-ADL,Economy,7772
4/17/1989,MEL-ADL,Economy,6447
4/24/1989,MEL-ADL,Economy,6912
5/1/1989,MEL-ADL,Economy,6964
5/8/1989,MEL-ADL,Economy,6468
5/15/1989,MEL-ADL,Economy,6658
5/22/1989,MEL-ADL,Economy,5761
5/29/1989,MEL-ADL,Economy,6866
6/5/1989,MEL-ADL,Economy,6440
6/12/1989,MEL-ADL,Economy,6932
6/19/1989,MEL-ADL,Economy,8048
6/26/1989,MEL-ADL,Economy,8316
7/3/1989,MEL-ADL,Economy,7647
7/10/1989,MEL-ADL,Economy,6886
7/17/1989,MEL-ADL,Economy,6363
7/24/1989,MEL-ADL,Economy,6138
7/31/1989,MEL-ADL,Economy,6789
8/7/1989,MEL-ADL,Economy,5988
8/14/1989,MEL-ADL,Economy,2903
8/21/1989,MEL-ADL,Economy,0
8/28/1989,MEL-ADL,Economy,0
9/4/1989,MEL-ADL,Economy,0
9/11/1989,MEL-ADL,Economy,0
9/18/1989,MEL-ADL,Economy,0
9/25/1989,MEL-ADL,Economy,0
10/2/1989,MEL-ADL,Economy,0
10/9/1989,MEL-ADL,Economy,1911
10/16/1989,MEL-ADL,Economy,1805
10/23/1989,MEL-ADL,Economy,2518
10/30/1989,MEL-ADL,Economy,3507
11/6/1989,MEL-ADL,Economy,4023
11/13/1989,MEL-ADL,Economy,3714
11/20/1989,MEL-ADL,Economy,3613
11/27/1989,MEL-ADL,Economy,3691
12/4/1989,MEL-ADL,Economy,4328
12/11/1989,MEL-ADL,Economy,4989
12/18/1989,MEL-ADL,Economy,3665
12/25/1989,MEL-ADL,Economy,4153
1/1/1990,MEL-ADL,Economy,5263
1/8/1990,MEL-ADL,Economy,5965
1/15/1990,MEL-ADL,Economy,5887
1/22/1990,MEL-ADL,Economy,5485
1/29/1990,MEL-ADL,Economy,5225
2/5/1990,MEL-ADL,Economy,5644
2/12/1990,MEL-ADL,Economy,5836
2/19/1990,MEL-ADL,Economy,6087
2/26/1990,MEL-ADL,Economy,6025
3/5/1990,MEL-ADL,Economy,5538
3/12/1990,MEL-ADL,Economy,7181
3/19/1990,MEL-ADL,Economy,7331
3/26/1990,MEL-ADL,Economy,7416
4/2/1990,MEL-ADL,Economy,7325
4/9/1990,MEL-ADL,Economy,6810
4/16/1990,MEL-ADL,Economy,7282
4/23/1990,MEL-ADL,Economy,7541
4/30/1990,MEL-ADL,Economy,6660
5/7/1990,MEL-ADL,Economy,6771
5/14/1990,MEL-ADL,Economy,6225
5/21/1990,MEL-ADL,Economy,5948
5/28/1990,MEL-ADL,Economy,6983
6/4/1990,MEL-ADL,Economy,6022
6/11/1990,MEL-ADL,Economy,6034
6/18/1990,MEL-ADL,Economy,6927
6/25/1990,MEL-ADL,Economy,6898
7/2/1990,MEL-ADL,Economy,7606
7/9/1990,MEL-ADL,Economy,7481
7/16/1990,MEL-ADL,Economy,6857
7/23/1990,MEL-ADL,Economy,6621
7/30/1990,MEL-ADL,Economy,6757
8/6/1990,MEL-ADL,Economy,6509
8/13/1990,MEL-ADL,Economy,7056
8/20/1990,MEL-ADL,Economy,6797
8/27/1990,MEL-ADL,Economy,7108
9/3/1990,MEL-ADL,Economy,7531
9/10/1990,MEL-ADL,Economy,8273
9/17/1990,MEL-ADL,Economy,6090
9/24/1990,MEL-ADL,Economy,8705
10/1/1990,MEL-ADL,Economy,8458
10/8/1990,MEL-ADL,Economy,7290
10/15/1990,MEL-ADL,Economy,7680
10/22/1990,MEL-ADL,Economy,8204
10/29/1990,MEL-ADL,Economy,7546
11/5/1990,MEL-ADL,Economy,6653
11/12/1990,MEL-ADL,Economy,6558
11/19/1990,MEL-ADL,Economy,6702
11/26/1990,MEL-ADL,Economy,7456
12/3/1990,MEL-ADL,Economy,6979
12/10/1990,MEL-ADL,Economy,7222
12/17/1990,MEL-ADL,Economy,7094
12/24/1990,MEL-ADL,Economy,7819
1/7/1991,MEL-ADL,Economy,8402
1/14/1991,MEL-ADL,Economy,9073
1/21/1991,MEL-ADL,Economy,9377
1/28/1991,MEL-ADL,Economy,8317
2/4/1991,MEL-ADL,Economy,7229
2/11/1991,MEL-ADL,Economy,7655
2/18/1991,MEL-ADL,Economy,7941
2/25/1991,MEL-ADL,Economy,7483
3/4/1991,MEL-ADL,Economy,7104
3/11/1991,MEL-ADL,Economy,7182
3/18/1991,MEL-ADL,Economy,7342
3/25/1991,MEL-ADL,Economy,8060
4/1/1991,MEL-ADL,Economy,7427
4/8/1991,MEL-ADL,Economy,7751
4/15/1991,MEL-ADL,Economy,7732
4/22/1991,MEL-ADL,Economy,8749
4/29/1991,MEL-ADL,Economy,8294
5/6/1991,MEL-ADL,Economy,7826
5/13/1991,MEL-ADL,Economy,7729
5/20/1991,MEL-ADL,Economy,8534
5/27/1991,MEL-ADL,Economy,8347
6/3/1991,MEL-ADL,Economy,8986
6/10/1991,MEL-ADL,Economy,8151
6/17/1991,MEL-ADL,Economy,7518
6/24/1991,MEL-ADL,Economy,8527
7/1/1991,MEL-ADL,Economy,9346
7/8/1991,MEL-ADL,Economy,10726
7/15/1991,MEL-ADL,Economy,10757
7/22/1991,MEL-ADL,Economy,9101
7/29/1991,MEL-ADL,Economy,8462
8/5/1991,MEL-ADL,Economy,8210
8/12/1991,MEL-ADL,Economy,8750
8/19/1991,MEL-ADL,Economy,9051
8/26/1991,MEL-ADL,Economy,9973
9/2/1991,MEL-ADL,Economy,10002
9/9/1991,MEL-ADL,Economy,9765
9/16/1991,MEL-ADL,Economy,9898
9/23/1991,MEL-ADL,Economy,11277
9/30/1991,MEL-ADL,Economy,10966
10/7/1991,MEL-ADL,Economy,11054
10/14/1991,MEL-ADL,Economy,10111
10/21/1991,MEL-ADL,Economy,10265
10/28/1991,MEL-ADL,Economy,10410
11/4/1991,MEL-ADL,Economy,11810
11/11/1991,MEL-ADL,Economy,10875
11/18/1991,MEL-ADL,Economy,10629
11/25/1991,MEL-ADL,Economy,10476
12/2/1991,MEL-ADL,Economy,10060
12/9/1991,MEL-ADL,Economy,9588
12/16/1991,MEL-ADL,Economy,9687
12/23/1991,MEL-ADL,Economy,10498
12/30/1991,MEL-ADL,Economy,10349
1/6/1992,MEL-ADL,Economy,11086
1/13/1992,MEL-ADL,Economy,10256
1/20/1992,MEL-ADL,Economy,10078
1/27/1992,MEL-ADL,Economy,8832
2/3/1992,MEL-ADL,Economy,7402
2/10/1992,MEL-ADL,Economy,8831
2/17/1992,MEL-ADL,Economy,8400
2/24/1992,MEL-ADL,Economy,8307
3/2/1992,MEL-ADL,Economy,9616
3/9/1992,MEL-ADL,Economy,9859
3/16/1992,MEL-ADL,Economy,9073
3/23/1992,MEL-ADL,Economy,7037
3/30/1992,MEL-ADL,Economy,6595
4/6/1992,MEL-ADL,Economy,6618
4/13/1992,MEL-ADL,Economy,7342
4/20/1992,MEL-ADL,Economy,7448
4/27/1992,MEL-ADL,Economy,6326
5/4/1992,MEL-ADL,Economy,6431
5/11/1992,MEL-ADL,Economy,6626
5/18/1992,MEL-ADL,Economy,6901
5/25/1992,MEL-ADL,Economy,6631
6/1/1992,MEL-ADL,Economy,7163
6/8/1992,MEL-ADL,Economy,7033
6/15/1992,MEL-ADL,Economy,7293
6/22/1992,MEL-ADL,Economy,8067
6/29/1992,MEL-ADL,Economy,8860
7/6/1992,MEL-ADL,Economy,9328
7/13/1992,MEL-ADL,Economy,9555
7/20/1992,MEL-ADL,Economy,9382
7/27/1992,MEL-ADL,Economy,8810
8/3/1992,MEL-ADL,Economy,8704
8/10/1992,MEL-ADL,Economy,8843
8/17/1992,MEL-ADL,Economy,9150
8/24/1992,MEL-ADL,Economy,9842
8/31/1992,MEL-ADL,Economy,8653
9/7/1992,MEL-ADL,Economy,8815
9/14/1992,MEL-ADL,Economy,8895
9/21/1992,MEL-ADL,Economy,9931
9/28/1992,MEL-ADL,Economy,10470
10/5/1992,MEL-ADL,Economy,9276
10/12/1992,MEL-ADL,Economy,9472
10/19/1992,MEL-ADL,Economy,9260
10/26/1992,MEL-ADL,Economy,8968
11/2/1992,MEL-ADL,Economy,10421
11/9/1992,MEL-ADL,Economy,12067
11/16/1992,MEL-ADL,Economy,9178
11/23/1992,MEL-ADL,Economy,9052
6/29/1987,MEL-ADL,First,445
7/6/1987,MEL-ADL,First,382
7/13/1987,MEL-ADL,First,411
7/20/1987,MEL-ADL,First,457
7/27/1987,MEL-ADL,First,464
8/3/1987,MEL-ADL,First,505
8/10/1987,MEL-ADL,First,469
8/17/1987,MEL-ADL,First,471
8/24/1987,MEL-ADL,First,439
8/31/1987,MEL-ADL,First,446
9/7/1987,MEL-ADL,First,445
9/14/1987,MEL-ADL,First,417
9/21/1987,MEL-ADL,First,546
9/28/1987,MEL-ADL,First,531
10/5/1987,MEL-ADL,First,510
10/12/1987,MEL-ADL,First,511
10/19/1987,MEL-ADL,First,464
10/26/1987,MEL-ADL,First,562
11/2/1987,MEL-ADL,First,502
11/9/1987,MEL-ADL,First,736
11/16/1987,MEL-ADL,First,848
11/23/1987,MEL-ADL,First,601
11/30/1987,MEL-ADL,First,511
12/7/1987,MEL-ADL,First,570
12/14/1987,MEL-ADL,First,508
12/21/1987,MEL-ADL,First,255
12/28/1987,MEL-ADL,First,157
1/4/1988,MEL-ADL,First,203
1/4/1988,MEL-ADL,First,292
1/11/1988,MEL-ADL,First,346
1/18/1988,MEL-ADL,First,303
1/25/1988,MEL-ADL,First,483
2/1/1988,MEL-ADL,First,634
2/8/1988,MEL-ADL,First,529
2/15/1988,MEL-ADL,First,639
2/22/1988,MEL-ADL,First,602
2/29/1988,MEL-ADL,First,531
3/7/1988,MEL-ADL,First,523
3/14/1988,MEL-ADL,First,492
3/21/1988,MEL-ADL,First,322
3/28/1988,MEL-ADL,First,344
4/4/1988,MEL-ADL,First,520
4/11/1988,MEL-ADL,First,505
4/18/1988,MEL-ADL,First,468
4/25/1988,MEL-ADL,First,483
5/2/1988,MEL-ADL,First,565
5/9/1988,MEL-ADL,First,492
5/16/1988,MEL-ADL,First,526
5/23/1988,MEL-ADL,First,431
5/30/1988,MEL-ADL,First,450
6/6/1988,MEL-ADL,First,417
6/13/1988,MEL-ADL,First,378
6/20/1988,MEL-ADL,First,463
6/27/1988,MEL-ADL,First,403
7/4/1988,MEL-ADL,First,469
7/11/1988,MEL-ADL,First,480
7/18/1988,MEL-ADL,First,460
7/25/1988,MEL-ADL,First,365
8/1/1988,MEL-ADL,First,448
8/8/1988,MEL-ADL,First,446
8/15/1988,MEL-ADL,First,473
8/22/1988,MEL-ADL,First,449
8/29/1988,MEL-ADL,First,463
9/5/1988,MEL-ADL,First,413
9/12/1988,MEL-ADL,First,539
9/19/1988,MEL-ADL,First,438
9/26/1988,MEL-ADL,First,287
10/3/1988,MEL-ADL,First,341
10/10/1988,MEL-ADL,First,321
10/17/1988,MEL-ADL,First,489
10/24/1988,MEL-ADL,First,529
10/31/1988,MEL-ADL,First,642
11/7/1988,MEL-ADL,First,952
11/14/1988,MEL-ADL,First,593
11/21/1988,MEL-ADL,First,504
11/28/1988,MEL-ADL,First,470
12/5/1988,MEL-ADL,First,471
12/12/1988,MEL-ADL,First,342
12/19/1988,MEL-ADL,First,130
12/26/1988,MEL-ADL,First,153
1/2/1989,MEL-ADL,First,240
1/9/1989,MEL-ADL,First,271
1/16/1989,MEL-ADL,First,310
1/23/1989,MEL-ADL,First,417
1/30/1989,MEL-ADL,First,510
2/6/1989,MEL-ADL,First,583
2/13/1989,MEL-ADL,First,478
2/20/1989,MEL-ADL,First,510
2/27/1989,MEL-ADL,First,467
3/6/1989,MEL-ADL,First,550
3/13/1989,MEL-ADL,First,362
3/20/1989,MEL-ADL,First,411
3/27/1989,MEL-ADL,First,529
4/3/1989,MEL-ADL,First,458
4/10/1989,MEL-ADL,First,510
4/17/1989,MEL-ADL,First,393
4/24/1989,MEL-ADL,First,445
5/1/1989,MEL-ADL,First,586
5/8/1989,MEL-ADL,First,480
5/15/1989,MEL-ADL,First,446
5/22/1989,MEL-ADL,First,376
5/29/1989,MEL-ADL,First,472
6/5/1989,MEL-ADL,First,381
6/12/1989,MEL-ADL,First,468
6/19/1989,MEL-ADL,First,451
6/26/1989,MEL-ADL,First,452
7/3/1989,MEL-ADL,First,412
7/10/1989,MEL-ADL,First,364
7/17/1989,MEL-ADL,First,373
7/24/1989,MEL-ADL,First,405
7/31/1989,MEL-ADL,First,356
8/7/1989,MEL-ADL,First,348
8/14/1989,MEL-ADL,First,214
8/21/1989,MEL-ADL,First,0
8/28/1989,MEL-ADL,First,0
9/4/1989,MEL-ADL,First,0
9/11/1989,MEL-ADL,First,0
9/18/1989,MEL-ADL,First,0
9/25/1989,MEL-ADL,First,0
10/2/1989,MEL-ADL,First,0
10/9/1989,MEL-ADL,First,2
10/16/1989,MEL-ADL,First,0
10/23/1989,MEL-ADL,First,72
10/30/1989,MEL-ADL,First,83
11/6/1989,MEL-ADL,First,58
11/13/1989,MEL-ADL,First,55
11/20/1989,MEL-ADL,First,30
11/27/1989,MEL-ADL,First,57
12/4/1989,MEL-ADL,First,57
12/11/1989,MEL-ADL,First,57
12/18/1989,MEL-ADL,First,18
12/25/1989,MEL-ADL,First,40
1/1/1990,MEL-ADL,First,99
1/8/1990,MEL-ADL,First,138
1/15/1990,MEL-ADL,First,195
1/22/1990,MEL-ADL,First,196
1/29/1990,MEL-ADL,First,237
2/5/1990,MEL-ADL,First,253
2/12/1990,MEL-ADL,First,256
2/19/1990,MEL-ADL,First,309
2/26/1990,MEL-ADL,First,362
3/5/1990,MEL-ADL,First,324
3/12/1990,MEL-ADL,First,367
3/19/1990,MEL-ADL,First,380
3/26/1990,MEL-ADL,First,460
4/2/1990,MEL-ADL,First,299
4/9/1990,MEL-ADL,First,292
4/16/1990,MEL-ADL,First,342
4/23/1990,MEL-ADL,First,400
4/30/1990,MEL-ADL,First,365
5/7/1990,MEL-ADL,First,344
5/14/1990,MEL-ADL,First,372
5/21/1990,MEL-ADL,First,319
5/28/1990,MEL-ADL,First,406
6/4/1990,MEL-ADL,First,304
6/11/1990,MEL-ADL,First,385
6/18/1990,MEL-ADL,First,333
6/25/1990,MEL-ADL,First,339
7/2/1990,MEL-ADL,First,303
7/9/1990,MEL-ADL,First,355
7/16/1990,MEL-ADL,First,304
7/23/1990,MEL-ADL,First,305
7/30/1990,MEL-ADL,First,249
8/6/1990,MEL-ADL,First,252
8/13/1990,MEL-ADL,First,273
8/20/1990,MEL-ADL,First,324
8/27/1990,MEL-ADL,First,300
9/3/1990,MEL-ADL,First,326
9/10/1990,MEL-ADL,First,316
9/17/1990,MEL-ADL,First,206
9/24/1990,MEL-ADL,First,303
10/1/1990,MEL-ADL,First,304
10/8/1990,MEL-ADL,First,390
10/15/1990,MEL-ADL,First,466
10/22/1990,MEL-ADL,First,503
10/29/1990,MEL-ADL,First,424
11/5/1990,MEL-ADL,First,278
11/12/1990,MEL-ADL,First,309
11/19/1990,MEL-ADL,First,327
11/26/1990,MEL-ADL,First,314
12/3/1990,MEL-ADL,First,266
12/10/1990,MEL-ADL,First,232
12/17/1990,MEL-ADL,First,111
12/24/1990,MEL-ADL,First,132
1/7/1991,MEL-ADL,First,188
1/14/1991,MEL-ADL,First,229
1/21/1991,MEL-ADL,First,377
1/28/1991,MEL-ADL,First,234
2/4/1991,MEL-ADL,First,247
2/11/1991,MEL-ADL,First,323
2/18/1991,MEL-ADL,First,290
2/25/1991,MEL-ADL,First,314
3/4/1991,MEL-ADL,First,276
3/11/1991,MEL-ADL,First,274
3/18/1991,MEL-ADL,First,357
3/25/1991,MEL-ADL,First,278
4/1/1991,MEL-ADL,First,208
4/8/1991,MEL-ADL,First,308
4/15/1991,MEL-ADL,First,276
4/22/1991,MEL-ADL,First,291
4/29/1991,MEL-ADL,First,297
5/6/1991,MEL-ADL,First,292
5/13/1991,MEL-ADL,First,238
5/20/1991,MEL-ADL,First,271
5/27/1991,MEL-ADL,First,289
6/3/1991,MEL-ADL,First,297
6/10/1991,MEL-ADL,First,218
6/17/1991,MEL-ADL,First,301
6/24/1991,MEL-ADL,First,283
7/1/1991,MEL-ADL,First,247
7/8/1991,MEL-ADL,First,313
7/15/1991,MEL-ADL,First,245
7/22/1991,MEL-ADL,First,271
7/29/1991,MEL-ADL,First,258
8/5/1991,MEL-ADL,First,286
8/12/1991,MEL-ADL,First,285
8/19/1991,MEL-ADL,First,199
8/26/1991,MEL-ADL,First,305
9/2/1991,MEL-ADL,First,300
9/9/1991,MEL-ADL,First,300
9/16/1991,MEL-ADL,First,276
9/23/1991,MEL-ADL,First,348
9/30/1991,MEL-ADL,First,271
10/7/1991,MEL-ADL,First,221
10/14/1991,MEL-ADL,First,285
10/21/1991,MEL-ADL,First,317
10/28/1991,MEL-ADL,First,318
11/4/1991,MEL-ADL,First,355
11/11/1991,MEL-ADL,First,298
11/18/1991,MEL-ADL,First,260
11/25/1991,MEL-ADL,First,295
12/2/1991,MEL-ADL,First,232
12/9/1991,MEL-ADL,First,212
12/16/1991,MEL-ADL,First,221
12/23/1991,MEL-ADL,First,52
12/30/1991,MEL-ADL,First,98
1/6/1992,MEL-ADL,First,162
1/13/1992,MEL-ADL,First,158
1/20/1992,MEL-ADL,First,203
1/27/1992,MEL-ADL,First,183
2/3/1992,MEL-ADL,First,395
2/10/1992,MEL-ADL,First,685
2/17/1992,MEL-ADL,First,603
2/24/1992,MEL-ADL,First,608
3/2/1992,MEL-ADL,First,726
3/9/1992,MEL-ADL,First,743
3/16/1992,MEL-ADL,First,741
3/23/1992,MEL-ADL,First,619
3/30/1992,MEL-ADL,First,574
4/6/1992,MEL-ADL,First,534
4/13/1992,MEL-ADL,First,460
4/20/1992,MEL-ADL,First,466
4/27/1992,MEL-ADL,First,595
5/4/1992,MEL-ADL,First,632
5/11/1992,MEL-ADL,First,656
5/18/1992,MEL-ADL,First,665
5/25/1992,MEL-ADL,First,498
6/1/1992,MEL-ADL,First,473
6/8/1992,MEL-ADL,First,423
6/15/1992,MEL-ADL,First,453
6/22/1992,MEL-ADL,First,282
6/29/1992,MEL-ADL,First,342
7/6/1992,MEL-ADL,First,401
7/13/1992,MEL-ADL,First,320
7/20/1992,MEL-ADL,First,392
7/27/1992,MEL-ADL,First,309
8/3/1992,MEL-ADL,First,330
8/10/1992,MEL-ADL,First,379
8/17/1992,MEL-ADL,First,381
8/24/1992,MEL-ADL,First,406
8/31/1992,MEL-ADL,First,370
9/7/1992,MEL-ADL,First,355
9/14/1992,MEL-ADL,First,347
9/21/1992,MEL-ADL,First,426
9/28/1992,MEL-ADL,First,415
10/5/1992,MEL-ADL,First,363
10/12/1992,MEL-ADL,First,362
10/19/1992,MEL-ADL,First,453
10/26/1992,MEL-ADL,First,389
11/2/1992,MEL-ADL,First,440
11/9/1992,MEL-ADL,First,523
11/16/1992,MEL-ADL,First,414
11/23/1992,MEL-ADL,First,418
7/10/1989,MEL-BNE,Business,248
7/17/1989,MEL-BNE,Business,381
7/24/1989,MEL-BNE,Business,321
7/31/1989,MEL-BNE,Business,369
8/7/1989,MEL-BNE,Business,368
8/14/1989,MEL-BNE,Business,198
8/21/1989,MEL-BNE,Business,0
8/28/1989,MEL-BNE,Business,0
9/4/1989,MEL-BNE,Business,0
9/11/1989,MEL-BNE,Business,0
9/18/1989,MEL-BNE,Business,0
9/25/1989,MEL-BNE,Business,0
10/2/1989,MEL-BNE,Business,0
10/9/1989,MEL-BNE,Business,88
10/16/1989,MEL-BNE,Business,91
10/23/1989,MEL-BNE,Business,41
10/30/1989,MEL-BNE,Business,28
11/6/1989,MEL-BNE,Business,39
11/13/1989,MEL-BNE,Business,24
11/20/1989,MEL-BNE,Business,31
11/27/1989,MEL-BNE,Business,32
12/4/1989,MEL-BNE,Business,12
12/11/1989,MEL-BNE,Business,35
12/18/1989,MEL-BNE,Business,8
12/25/1989,MEL-BNE,Business,104
1/1/1990,MEL-BNE,Business,153
1/8/1990,MEL-BNE,Business,185
1/15/1990,MEL-BNE,Business,130
1/22/1990,MEL-BNE,Business,125
1/29/1990,MEL-BNE,Business,150
2/5/1990,MEL-BNE,Business,214
2/12/1990,MEL-BNE,Business,143
2/19/1990,MEL-BNE,Business,158
2/26/1990,MEL-BNE,Business,256
3/5/1990,MEL-BNE,Business,259
3/12/1990,MEL-BNE,Business,259
3/19/1990,MEL-BNE,Business,358
3/26/1990,MEL-BNE,Business,285
4/2/1990,MEL-BNE,Business,302
4/9/1990,MEL-BNE,Business,211
4/16/1990,MEL-BNE,Business,276
4/23/1990,MEL-BNE,Business,320
4/30/1990,MEL-BNE,Business,249
5/7/1990,MEL-BNE,Business,254
5/14/1990,MEL-BNE,Business,263
5/21/1990,MEL-BNE,Business,279
5/28/1990,MEL-BNE,Business,225
6/4/1990,MEL-BNE,Business,238
6/11/1990,MEL-BNE,Business,264
6/18/1990,MEL-BNE,Business,258
6/25/1990,MEL-BNE,Business,265
7/2/1990,MEL-BNE,Business,292
7/9/1990,MEL-BNE,Business,314
7/16/1990,MEL-BNE,Business,338
7/23/1990,MEL-BNE,Business,319
7/30/1990,MEL-BNE,Business,285
8/6/1990,MEL-BNE,Business,232
8/13/1990,MEL-BNE,Business,297
8/20/1990,MEL-BNE,Business,301
8/27/1990,MEL-BNE,Business,250
9/3/1990,MEL-BNE,Business,308
9/10/1990,MEL-BNE,Business,280
9/17/1990,MEL-BNE,Business,204
9/24/1990,MEL-BNE,Business,319
10/1/1990,MEL-BNE,Business,372
10/8/1990,MEL-BNE,Business,362
10/15/1990,MEL-BNE,Business,248
10/22/1990,MEL-BNE,Business,365
10/29/1990,MEL-BNE,Business,268
11/5/1990,MEL-BNE,Business,285
11/12/1990,MEL-BNE,Business,321
11/19/1990,MEL-BNE,Business,354
11/26/1990,MEL-BNE,Business,284
12/3/1990,MEL-BNE,Business,256
12/10/1990,MEL-BNE,Business,197
12/17/1990,MEL-BNE,Business,103
12/24/1990,MEL-BNE,Business,90
1/7/1991,MEL-BNE,Business,121
1/14/1991,MEL-BNE,Business,186
1/21/1991,MEL-BNE,Business,160
1/28/1991,MEL-BNE,Business,170
2/4/1991,MEL-BNE,Business,275
2/11/1991,MEL-BNE,Business,253
2/18/1991,MEL-BNE,Business,193
2/25/1991,MEL-BNE,Business,258
3/4/1991,MEL-BNE,Business,349
3/11/1991,MEL-BNE,Business,401
3/18/1991,MEL-BNE,Business,443
3/25/1991,MEL-BNE,Business,249
4/1/1991,MEL-BNE,Business,206
4/8/1991,MEL-BNE,Business,373
4/15/1991,MEL-BNE,Business,399
4/22/1991,MEL-BNE,Business,366
4/29/1991,MEL-BNE,Business,361
5/6/1991,MEL-BNE,Business,302
5/13/1991,MEL-BNE,Business,388
5/20/1991,MEL-BNE,Business,323
5/27/1991,MEL-BNE,Business,310
6/3/1991,MEL-BNE,Business,331
6/10/1991,MEL-BNE,Business,342
6/17/1991,MEL-BNE,Business,273
6/24/1991,MEL-BNE,Business,295
7/1/1991,MEL-BNE,Business,300
7/8/1991,MEL-BNE,Business,267
7/15/1991,MEL-BNE,Business,305
7/22/1991,MEL-BNE,Business,394
7/29/1991,MEL-BNE,Business,278
8/5/1991,MEL-BNE,Business,306
8/12/1991,MEL-BNE,Business,275
8/19/1991,MEL-BNE,Business,338
8/26/1991,MEL-BNE,Business,287
9/2/1991,MEL-BNE,Business,276
9/9/1991,MEL-BNE,Business,348
9/16/1991,MEL-BNE,Business,322
9/23/1991,MEL-BNE,Business,303
9/30/1991,MEL-BNE,Business,286
10/7/1991,MEL-BNE,Business,289
10/14/1991,MEL-BNE,Business,286
10/21/1991,MEL-BNE,Business,388
10/28/1991,MEL-BNE,Business,349
11/4/1991,MEL-BNE,Business,269
11/11/1991,MEL-BNE,Business,348
11/18/1991,MEL-BNE,Business,330
11/25/1991,MEL-BNE,Business,319
12/2/1991,MEL-BNE,Business,331
12/9/1991,MEL-BNE,Business,288
12/16/1991,MEL-BNE,Business,252
12/23/1991,MEL-BNE,Business,118
12/30/1991,MEL-BNE,Business,108
1/6/1992,MEL-BNE,Business,164
1/13/1992,MEL-BNE,Business,207
1/20/1992,MEL-BNE,Business,213
1/27/1992,MEL-BNE,Business,238
2/3/1992,MEL-BNE,Business,280
2/10/1992,MEL-BNE,Business,298
2/17/1992,MEL-BNE,Business,320
2/24/1992,MEL-BNE,Business,380
3/2/1992,MEL-BNE,Business,398
3/9/1992,MEL-BNE,Business,368
3/16/1992,MEL-BNE,Business,355
3/23/1992,MEL-BNE,Business,1421
3/30/1992,MEL-BNE,Business,1520
4/6/1992,MEL-BNE,Business,1688
4/13/1992,MEL-BNE,Business,1532
4/20/1992,MEL-BNE,Business,1278
4/27/1992,MEL-BNE,Business,1719
5/4/1992,MEL-BNE,Business,1210
5/11/1992,MEL-BNE,Business,1437
5/18/1992,MEL-BNE,Business,1384
5/25/1992,MEL-BNE,Business,1253
6/1/1992,MEL-BNE,Business,1047
6/8/1992,MEL-BNE,Business,1065
6/15/1992,MEL-BNE,Business,1193
6/22/1992,MEL-BNE,Business,790
6/29/1992,MEL-BNE,Business,714
7/6/1992,MEL-BNE,Business,765
7/13/1992,MEL-BNE,Business,710
7/20/1992,MEL-BNE,Business,716
7/27/1992,MEL-BNE,Business,550
8/3/1992,MEL-BNE,Business,600
8/10/1992,MEL-BNE,Business,607
8/17/1992,MEL-BNE,Business,553
8/24/1992,MEL-BNE,Business,579
8/31/1992,MEL-BNE,Business,547
9/7/1992,MEL-BNE,Business,558
9/14/1992,MEL-BNE,Business,578
9/21/1992,MEL-BNE,Business,515
9/28/1992,MEL-BNE,Business,641
10/5/1992,MEL-BNE,Business,518
10/12/1992,MEL-BNE,Business,564
10/19/1992,MEL-BNE,Business,643
10/26/1992,MEL-BNE,Business,565
11/2/1992,MEL-BNE,Business,510
11/9/1992,MEL-BNE,Business,531
11/16/1992,MEL-BNE,Business,585
11/23/1992,MEL-BNE,Business,609
6/29/1987,MEL-BNE,Economy,4545
7/6/1987,MEL-BNE,Economy,4809
7/13/1987,MEL-BNE,Economy,4660
7/20/1987,MEL-BNE,Economy,4023
7/27/1987,MEL-BNE,Economy,4075
8/3/1987,MEL-BNE,Economy,4020
8/10/1987,MEL-BNE,Economy,4041
8/17/1987,MEL-BNE,Economy,4015
8/24/1987,MEL-BNE,Economy,4293
8/31/1987,MEL-BNE,Economy,4536
9/7/1987,MEL-BNE,Economy,4781
9/14/1987,MEL-BNE,Economy,5328
9/28/1987,MEL-BNE,Economy,5797
10/5/1987,MEL-BNE,Economy,4757
10/12/1987,MEL-BNE,Economy,4180
10/19/1987,MEL-BNE,Economy,4155
10/26/1987,MEL-BNE,Economy,4219
11/2/1987,MEL-BNE,Economy,3621
11/9/1987,MEL-BNE,Economy,3683
11/16/1987,MEL-BNE,Economy,3704
11/23/1987,MEL-BNE,Economy,3775
11/30/1987,MEL-BNE,Economy,3648
12/7/1987,MEL-BNE,Economy,3633
12/14/1987,MEL-BNE,Economy,3934
12/21/1987,MEL-BNE,Economy,4741
12/28/1987,MEL-BNE,Economy,4661
1/4/1988,MEL-BNE,Economy,4906
1/4/1988,MEL-BNE,Economy,5327
1/11/1988,MEL-BNE,Economy,5158
1/18/1988,MEL-BNE,Economy,3724
1/25/1988,MEL-BNE,Economy,3838
2/1/1988,MEL-BNE,Economy,3308
2/8/1988,MEL-BNE,Economy,3526
2/15/1988,MEL-BNE,Economy,2908
2/22/1988,MEL-BNE,Economy,3582
2/29/1988,MEL-BNE,Economy,3457
3/7/1988,MEL-BNE,Economy,3437
3/14/1988,MEL-BNE,Economy,4419
3/21/1988,MEL-BNE,Economy,4601
3/28/1988,MEL-BNE,Economy,3762
4/4/1988,MEL-BNE,Economy,3844
4/11/1988,MEL-BNE,Economy,3437
4/18/1988,MEL-BNE,Economy,3397
4/25/1988,MEL-BNE,Economy,4244
5/2/1988,MEL-BNE,Economy,4060
5/9/1988,MEL-BNE,Economy,4434
5/16/1988,MEL-BNE,Economy,4558
5/23/1988,MEL-BNE,Economy,4068
5/30/1988,MEL-BNE,Economy,4000
6/6/1988,MEL-BNE,Economy,4245
6/13/1988,MEL-BNE,Economy,5297
6/20/1988,MEL-BNE,Economy,6278
6/27/1988,MEL-BNE,Economy,6108
7/4/1988,MEL-BNE,Economy,5574
7/11/1988,MEL-BNE,Economy,5154
7/18/1988,MEL-BNE,Economy,4938
7/25/1988,MEL-BNE,Economy,5541
8/1/1988,MEL-BNE,Economy,5458
8/8/1988,MEL-BNE,Economy,5300
8/15/1988,MEL-BNE,Economy,5865
8/22/1988,MEL-BNE,Economy,6064
8/29/1988,MEL-BNE,Economy,6776
9/5/1988,MEL-BNE,Economy,7145
9/12/1988,MEL-BNE,Economy,6262
9/19/1988,MEL-BNE,Economy,7165
9/26/1988,MEL-BNE,Economy,4576
10/3/1988,MEL-BNE,Economy,5601
10/10/1988,MEL-BNE,Economy,5148
10/17/1988,MEL-BNE,Economy,5131
10/24/1988,MEL-BNE,Economy,4348
10/31/1988,MEL-BNE,Economy,4133
11/7/1988,MEL-BNE,Economy,4321
11/14/1988,MEL-BNE,Economy,4048
11/21/1988,MEL-BNE,Economy,3616
11/28/1988,MEL-BNE,Economy,4006
12/5/1988,MEL-BNE,Economy,4554
12/12/1988,MEL-BNE,Economy,4770
12/19/1988,MEL-BNE,Economy,3269
12/26/1988,MEL-BNE,Economy,4869
1/2/1989,MEL-BNE,Economy,4057
1/9/1989,MEL-BNE,Economy,4609
1/16/1989,MEL-BNE,Economy,4322
1/23/1989,MEL-BNE,Economy,3752
1/30/1989,MEL-BNE,Economy,3597
2/6/1989,MEL-BNE,Economy,3922
2/13/1989,MEL-BNE,Economy,3653
2/20/1989,MEL-BNE,Economy,4343
2/27/1989,MEL-BNE,Economy,4203
3/6/1989,MEL-BNE,Economy,4910
3/13/1989,MEL-BNE,Economy,4898
3/20/1989,MEL-BNE,Economy,4445
3/27/1989,MEL-BNE,Economy,4908
4/3/1989,MEL-BNE,Economy,4685
4/10/1989,MEL-BNE,Economy,4551
4/17/1989,MEL-BNE,Economy,3938
4/24/1989,MEL-BNE,Economy,3974
5/1/1989,MEL-BNE,Economy,3668
5/8/1989,MEL-BNE,Economy,3943
5/15/1989,MEL-BNE,Economy,4266
5/22/1989,MEL-BNE,Economy,3715
5/29/1989,MEL-BNE,Economy,4075
6/5/1989,MEL-BNE,Economy,4298
6/12/1989,MEL-BNE,Economy,4785
6/19/1989,MEL-BNE,Economy,5430
6/26/1989,MEL-BNE,Economy,5880
7/3/1989,MEL-BNE,Economy,5379
7/10/1989,MEL-BNE,Economy,3966
7/17/1989,MEL-BNE,Economy,4321
7/24/1989,MEL-BNE,Economy,4111
7/31/1989,MEL-BNE,Economy,3878
8/7/1989,MEL-BNE,Economy,3778
8/14/1989,MEL-BNE,Economy,1895
8/21/1989,MEL-BNE,Economy,0
8/28/1989,MEL-BNE,Economy,0
9/4/1989,MEL-BNE,Economy,0
9/11/1989,MEL-BNE,Economy,0
9/18/1989,MEL-BNE,Economy,0
9/25/1989,MEL-BNE,Economy,0
10/2/1989,MEL-BNE,Economy,0
10/9/1989,MEL-BNE,Economy,1183
10/16/1989,MEL-BNE,Economy,1496
10/23/1989,MEL-BNE,Economy,1507
10/30/1989,MEL-BNE,Economy,1216
11/6/1989,MEL-BNE,Economy,3109
11/13/1989,MEL-BNE,Economy,3389
11/20/1989,MEL-BNE,Economy,3391
11/27/1989,MEL-BNE,Economy,3411
12/4/1989,MEL-BNE,Economy,3104
12/11/1989,MEL-BNE,Economy,4765
12/18/1989,MEL-BNE,Economy,3406
12/25/1989,MEL-BNE,Economy,4670
1/1/1990,MEL-BNE,Economy,5173
1/8/1990,MEL-BNE,Economy,5714
1/15/1990,MEL-BNE,Economy,4595
1/22/1990,MEL-BNE,Economy,5361
1/29/1990,MEL-BNE,Economy,4441
2/5/1990,MEL-BNE,Economy,4939
2/12/1990,MEL-BNE,Economy,4836
2/19/1990,MEL-BNE,Economy,4830
2/26/1990,MEL-BNE,Economy,4403
3/5/1990,MEL-BNE,Economy,4599
3/12/1990,MEL-BNE,Economy,4474
3/19/1990,MEL-BNE,Economy,4549
3/26/1990,MEL-BNE,Economy,4619
4/2/1990,MEL-BNE,Economy,5961
4/9/1990,MEL-BNE,Economy,4996
4/16/1990,MEL-BNE,Economy,5301
4/23/1990,MEL-BNE,Economy,5190
4/30/1990,MEL-BNE,Economy,4166
5/7/1990,MEL-BNE,Economy,3813
5/14/1990,MEL-BNE,Economy,3882
5/21/1990,MEL-BNE,Economy,4206
5/28/1990,MEL-BNE,Economy,3815
6/4/1990,MEL-BNE,Economy,4332
6/11/1990,MEL-BNE,Economy,4411
6/18/1990,MEL-BNE,Economy,4687
6/25/1990,MEL-BNE,Economy,5495
7/2/1990,MEL-BNE,Economy,5718
7/9/1990,MEL-BNE,Economy,5836
7/16/1990,MEL-BNE,Economy,4772
7/23/1990,MEL-BNE,Economy,4663
7/30/1990,MEL-BNE,Economy,5001
8/6/1990,MEL-BNE,Economy,4866
8/13/1990,MEL-BNE,Economy,4740
8/20/1990,MEL-BNE,Economy,4612
8/27/1990,MEL-BNE,Economy,5047
9/3/1990,MEL-BNE,Economy,5463
9/10/1990,MEL-BNE,Economy,5987
9/17/1990,MEL-BNE,Economy,4854
9/24/1990,MEL-BNE,Economy,6073
10/1/1990,MEL-BNE,Economy,5950
10/8/1990,MEL-BNE,Economy,5354
10/15/1990,MEL-BNE,Economy,5167
10/22/1990,MEL-BNE,Economy,4959
10/29/1990,MEL-BNE,Economy,4900
11/5/1990,MEL-BNE,Economy,4573
11/12/1990,MEL-BNE,Economy,4669
11/19/1990,MEL-BNE,Economy,4480
11/26/1990,MEL-BNE,Economy,4907
12/3/1990,MEL-BNE,Economy,4468
12/10/1990,MEL-BNE,Economy,5812
12/17/1990,MEL-BNE,Economy,4937
12/24/1990,MEL-BNE,Economy,5569
1/7/1991,MEL-BNE,Economy,5830
1/14/1991,MEL-BNE,Economy,5767
1/21/1991,MEL-BNE,Economy,5531
1/28/1991,MEL-BNE,Economy,4589
2/4/1991,MEL-BNE,Economy,4728
2/11/1991,MEL-BNE,Economy,4488
2/18/1991,MEL-BNE,Economy,4198
2/25/1991,MEL-BNE,Economy,4729
3/4/1991,MEL-BNE,Economy,4375
3/11/1991,MEL-BNE,Economy,4349
3/18/1991,MEL-BNE,Economy,5006
3/25/1991,MEL-BNE,Economy,4571
4/1/1991,MEL-BNE,Economy,4585
4/8/1991,MEL-BNE,Economy,4989
4/15/1991,MEL-BNE,Economy,5371
4/22/1991,MEL-BNE,Economy,5329
4/29/1991,MEL-BNE,Economy,5349
5/6/1991,MEL-BNE,Economy,4427
5/13/1991,MEL-BNE,Economy,4840
5/20/1991,MEL-BNE,Economy,4545
5/27/1991,MEL-BNE,Economy,4261
6/3/1991,MEL-BNE,Economy,4860
6/10/1991,MEL-BNE,Economy,5379
6/17/1991,MEL-BNE,Economy,4852
6/24/1991,MEL-BNE,Economy,5415
7/1/1991,MEL-BNE,Economy,6099
7/8/1991,MEL-BNE,Economy,6954
7/15/1991,MEL-BNE,Economy,6812
7/22/1991,MEL-BNE,Economy,6075
7/29/1991,MEL-BNE,Economy,5107
8/5/1991,MEL-BNE,Economy,5609
8/12/1991,MEL-BNE,Economy,6115
8/19/1991,MEL-BNE,Economy,5985
8/26/1991,MEL-BNE,Economy,6318
9/2/1991,MEL-BNE,Economy,6483
9/9/1991,MEL-BNE,Economy,6918
9/16/1991,MEL-BNE,Economy,8444
9/23/1991,MEL-BNE,Economy,8066
9/30/1991,MEL-BNE,Economy,7675
10/7/1991,MEL-BNE,Economy,7320
10/14/1991,MEL-BNE,Economy,7128
10/21/1991,MEL-BNE,Economy,7418
10/28/1991,MEL-BNE,Economy,6560
11/4/1991,MEL-BNE,Economy,6141
11/11/1991,MEL-BNE,Economy,6641
11/18/1991,MEL-BNE,Economy,6915
11/25/1991,MEL-BNE,Economy,6870
12/2/1991,MEL-BNE,Economy,6767
12/9/1991,MEL-BNE,Economy,6905
12/16/1991,MEL-BNE,Economy,7062
12/23/1991,MEL-BNE,Economy,8605
12/30/1991,MEL-BNE,Economy,7494
1/6/1992,MEL-BNE,Economy,7792
1/13/1992,MEL-BNE,Economy,7700
1/20/1992,MEL-BNE,Economy,7052
1/27/1992,MEL-BNE,Economy,6054
2/3/1992,MEL-BNE,Economy,6076
2/10/1992,MEL-BNE,Economy,5529
2/17/1992,MEL-BNE,Economy,6017
2/24/1992,MEL-BNE,Economy,5972
3/2/1992,MEL-BNE,Economy,5524
3/9/1992,MEL-BNE,Economy,5841
3/16/1992,MEL-BNE,Economy,6105
3/23/1992,MEL-BNE,Economy,4919
3/30/1992,MEL-BNE,Economy,4657
4/6/1992,MEL-BNE,Economy,4863
4/13/1992,MEL-BNE,Economy,5045
4/20/1992,MEL-BNE,Economy,5246
4/27/1992,MEL-BNE,Economy,5661
5/4/1992,MEL-BNE,Economy,5539
5/11/1992,MEL-BNE,Economy,5426
5/18/1992,MEL-BNE,Economy,5468
5/25/1992,MEL-BNE,Economy,5560
6/1/1992,MEL-BNE,Economy,5961
6/8/1992,MEL-BNE,Economy,5659
6/15/1992,MEL-BNE,Economy,6400
6/22/1992,MEL-BNE,Economy,7072
6/29/1992,MEL-BNE,Economy,7932
7/6/1992,MEL-BNE,Economy,7950
7/13/1992,MEL-BNE,Economy,8125
7/20/1992,MEL-BNE,Economy,7714
7/27/1992,MEL-BNE,Economy,7047
8/3/1992,MEL-BNE,Economy,7441
8/10/1992,MEL-BNE,Economy,7469
8/17/1992,MEL-BNE,Economy,7065
8/24/1992,MEL-BNE,Economy,7339
8/31/1992,MEL-BNE,Economy,6978
9/7/1992,MEL-BNE,Economy,6984
9/14/1992,MEL-BNE,Economy,8475
9/21/1992,MEL-BNE,Economy,7960
9/28/1992,MEL-BNE,Economy,9532
10/5/1992,MEL-BNE,Economy,8400
10/12/1992,MEL-BNE,Economy,8131
10/19/1992,MEL-BNE,Economy,7492
10/26/1992,MEL-BNE,Economy,7709
11/2/1992,MEL-BNE,Economy,7134
11/9/1992,MEL-BNE,Economy,7291
11/16/1992,MEL-BNE,Economy,7372
11/23/1992,MEL-BNE,Economy,7475
6/29/1987,MEL-BNE,First,210
7/6/1987,MEL-BNE,First,251
7/13/1987,MEL-BNE,First,301
7/20/1987,MEL-BNE,First,261
7/27/1987,MEL-BNE,First,336
8/3/1987,MEL-BNE,First,256
8/10/1987,MEL-BNE,First,258
8/17/1987,MEL-BNE,First,253
8/24/1987,MEL-BNE,First,295
8/31/1987,MEL-BNE,First,287
9/7/1987,MEL-BNE,First,342
9/14/1987,MEL-BNE,First,245
9/28/1987,MEL-BNE,First,273
10/5/1987,MEL-BNE,First,272
10/12/1987,MEL-BNE,First,259
10/19/1987,MEL-BNE,First,290
10/26/1987,MEL-BNE,First,288
11/2/1987,MEL-BNE,First,227
11/9/1987,MEL-BNE,First,313
11/16/1987,MEL-BNE,First,277
11/23/1987,MEL-BNE,First,346
11/30/1987,MEL-BNE,First,323
12/7/1987,MEL-BNE,First,270
12/14/1987,MEL-BNE,First,214
12/21/1987,MEL-BNE,First,145
12/28/1987,MEL-BNE,First,109
1/4/1988,MEL-BNE,First,126
1/4/1988,MEL-BNE,First,188
1/11/1988,MEL-BNE,First,197
1/18/1988,MEL-BNE,First,201
1/25/1988,MEL-BNE,First,238
2/1/1988,MEL-BNE,First,241
2/8/1988,MEL-BNE,First,247
2/15/1988,MEL-BNE,First,195
2/22/1988,MEL-BNE,First,289
2/29/1988,MEL-BNE,First,274
3/7/1988,MEL-BNE,First,265
3/14/1988,MEL-BNE,First,294
3/21/1988,MEL-BNE,First,239
3/28/1988,MEL-BNE,First,177
4/4/1988,MEL-BNE,First,237
4/11/1988,MEL-BNE,First,307
4/18/1988,MEL-BNE,First,289
4/25/1988,MEL-BNE,First,293
5/2/1988,MEL-BNE,First,333
5/9/1988,MEL-BNE,First,363
5/16/1988,MEL-BNE,First,293
5/23/1988,MEL-BNE,First,250
5/30/1988,MEL-BNE,First,295
6/6/1988,MEL-BNE,First,239
6/13/1988,MEL-BNE,First,212
6/20/1988,MEL-BNE,First,280
6/27/1988,MEL-BNE,First,262
7/4/1988,MEL-BNE,First,378
7/11/1988,MEL-BNE,First,308
7/18/1988,MEL-BNE,First,319
7/25/1988,MEL-BNE,First,243
8/1/1988,MEL-BNE,First,287
8/8/1988,MEL-BNE,First,373
8/15/1988,MEL-BNE,First,328
8/22/1988,MEL-BNE,First,309
8/29/1988,MEL-BNE,First,359
9/5/1988,MEL-BNE,First,329
9/12/1988,MEL-BNE,First,306
9/19/1988,MEL-BNE,First,309
9/26/1988,MEL-BNE,First,212
10/3/1988,MEL-BNE,First,241
10/10/1988,MEL-BNE,First,242
10/17/1988,MEL-BNE,First,314
10/24/1988,MEL-BNE,First,271
10/31/1988,MEL-BNE,First,303
11/7/1988,MEL-BNE,First,287
11/14/1988,MEL-BNE,First,290
11/21/1988,MEL-BNE,First,295
11/28/1988,MEL-BNE,First,292
12/5/1988,MEL-BNE,First,321
12/12/1988,MEL-BNE,First,203
12/19/1988,MEL-BNE,First,82
12/26/1988,MEL-BNE,First,180
1/2/1989,MEL-BNE,First,142
1/9/1989,MEL-BNE,First,216
1/16/1989,MEL-BNE,First,231
1/23/1989,MEL-BNE,First,252
1/30/1989,MEL-BNE,First,303
2/6/1989,MEL-BNE,First,344
2/13/1989,MEL-BNE,First,259
2/20/1989,MEL-BNE,First,299
2/27/1989,MEL-BNE,First,288
3/6/1989,MEL-BNE,First,346
3/13/1989,MEL-BNE,First,321
3/20/1989,MEL-BNE,First,204
3/27/1989,MEL-BNE,First,369
4/3/1989,MEL-BNE,First,353
4/10/1989,MEL-BNE,First,344
4/17/1989,MEL-BNE,First,279
4/24/1989,MEL-BNE,First,294
5/1/1989,MEL-BNE,First,307
5/8/1989,MEL-BNE,First,308
5/15/1989,MEL-BNE,First,309
5/22/1989,MEL-BNE,First,299
5/29/1989,MEL-BNE,First,311
6/5/1989,MEL-BNE,First,275
6/12/1989,MEL-BNE,First,296
6/19/1989,MEL-BNE,First,309
6/26/1989,MEL-BNE,First,325
7/3/1989,MEL-BNE,First,278
7/10/1989,MEL-BNE,First,212
7/17/1989,MEL-BNE,First,297
7/24/1989,MEL-BNE,First,220
7/31/1989,MEL-BNE,First,286
8/7/1989,MEL-BNE,First,236
8/14/1989,MEL-BNE,First,104
8/21/1989,MEL-BNE,First,0
8/28/1989,MEL-BNE,First,0
9/4/1989,MEL-BNE,First,0
9/11/1989,MEL-BNE,First,0
9/18/1989,MEL-BNE,First,0
9/25/1989,MEL-BNE,First,0
10/2/1989,MEL-BNE,First,0
10/9/1989,MEL-BNE,First,12
10/16/1989,MEL-BNE,First,23
10/23/1989,MEL-BNE,First,50
10/30/1989,MEL-BNE,First,28
11/6/1989,MEL-BNE,First,30
11/13/1989,MEL-BNE,First,24
11/20/1989,MEL-BNE,First,25
11/27/1989,MEL-BNE,First,37
12/4/1989,MEL-BNE,First,20
12/11/1989,MEL-BNE,First,34
12/18/1989,MEL-BNE,First,12
12/25/1989,MEL-BNE,First,87
1/1/1990,MEL-BNE,First,101
1/8/1990,MEL-BNE,First,143
1/15/1990,MEL-BNE,First,96
1/22/1990,MEL-BNE,First,111
1/29/1990,MEL-BNE,First,118
2/5/1990,MEL-BNE,First,155
2/12/1990,MEL-BNE,First,123
2/19/1990,MEL-BNE,First,108
2/26/1990,MEL-BNE,First,199
3/5/1990,MEL-BNE,First,198
3/12/1990,MEL-BNE,First,204
3/19/1990,MEL-BNE,First,236
3/26/1990,MEL-BNE,First,233
4/2/1990,MEL-BNE,First,195
4/9/1990,MEL-BNE,First,168
4/16/1990,MEL-BNE,First,161
4/23/1990,MEL-BNE,First,251
4/30/1990,MEL-BNE,First,210
5/7/1990,MEL-BNE,First,219
5/14/1990,MEL-BNE,First,213
5/21/1990,MEL-BNE,First,219
5/28/1990,MEL-BNE,First,210
6/4/1990,MEL-BNE,First,187
6/11/1990,MEL-BNE,First,238
6/18/1990,MEL-BNE,First,194
6/25/1990,MEL-BNE,First,180
7/2/1990,MEL-BNE,First,185
7/9/1990,MEL-BNE,First,189
7/16/1990,MEL-BNE,First,189
7/23/1990,MEL-BNE,First,177
7/30/1990,MEL-BNE,First,223
8/6/1990,MEL-BNE,First,189
8/13/1990,MEL-BNE,First,156
8/20/1990,MEL-BNE,First,203
8/27/1990,MEL-BNE,First,195
9/3/1990,MEL-BNE,First,213
9/10/1990,MEL-BNE,First,181
9/17/1990,MEL-BNE,First,171
9/24/1990,MEL-BNE,First,243
10/1/1990,MEL-BNE,First,194
10/8/1990,MEL-BNE,First,233
10/15/1990,MEL-BNE,First,226
10/22/1990,MEL-BNE,First,212
10/29/1990,MEL-BNE,First,185
11/5/1990,MEL-BNE,First,182
11/12/1990,MEL-BNE,First,187
11/19/1990,MEL-BNE,First,225
11/26/1990,MEL-BNE,First,186
12/3/1990,MEL-BNE,First,162
12/10/1990,MEL-BNE,First,164
12/17/1990,MEL-BNE,First,85
12/24/1990,MEL-BNE,First,110
1/7/1991,MEL-BNE,First,101
1/14/1991,MEL-BNE,First,136
1/21/1991,MEL-BNE,First,187
1/28/1991,MEL-BNE,First,109
2/4/1991,MEL-BNE,First,144
2/11/1991,MEL-BNE,First,199
2/18/1991,MEL-BNE,First,133
2/25/1991,MEL-BNE,First,149
3/4/1991,MEL-BNE,First,158
3/11/1991,MEL-BNE,First,147
3/18/1991,MEL-BNE,First,170
3/25/1991,MEL-BNE,First,150
4/1/1991,MEL-BNE,First,161
4/8/1991,MEL-BNE,First,160
4/15/1991,MEL-BNE,First,167
4/22/1991,MEL-BNE,First,149
4/29/1991,MEL-BNE,First,204
5/6/1991,MEL-BNE,First,136
5/13/1991,MEL-BNE,First,129
5/20/1991,MEL-BNE,First,172
5/27/1991,MEL-BNE,First,139
6/3/1991,MEL-BNE,First,127
6/10/1991,MEL-BNE,First,125
6/17/1991,MEL-BNE,First,109
6/24/1991,MEL-BNE,First,165
7/1/1991,MEL-BNE,First,161
7/8/1991,MEL-BNE,First,158
7/15/1991,MEL-BNE,First,187
7/22/1991,MEL-BNE,First,147
7/29/1991,MEL-BNE,First,127
8/5/1991,MEL-BNE,First,140
8/12/1991,MEL-BNE,First,146
8/19/1991,MEL-BNE,First,181
8/26/1991,MEL-BNE,First,195
9/2/1991,MEL-BNE,First,146
9/9/1991,MEL-BNE,First,195
9/16/1991,MEL-BNE,First,178
9/23/1991,MEL-BNE,First,238
9/30/1991,MEL-BNE,First,149
10/7/1991,MEL-BNE,First,189
10/14/1991,MEL-BNE,First,158
10/21/1991,MEL-BNE,First,158
10/28/1991,MEL-BNE,First,174
11/4/1991,MEL-BNE,First,171
11/11/1991,MEL-BNE,First,178
11/18/1991,MEL-BNE,First,174
11/25/1991,MEL-BNE,First,155
12/2/1991,MEL-BNE,First,151
12/9/1991,MEL-BNE,First,193
12/16/1991,MEL-BNE,First,154
12/23/1991,MEL-BNE,First,51
12/30/1991,MEL-BNE,First,58
1/6/1992,MEL-BNE,First,126
1/13/1992,MEL-BNE,First,100
1/20/1992,MEL-BNE,First,134
1/27/1992,MEL-BNE,First,125
2/3/1992,MEL-BNE,First,306
2/10/1992,MEL-BNE,First,343
2/17/1992,MEL-BNE,First,421
2/24/1992,MEL-BNE,First,356
3/2/1992,MEL-BNE,First,359
3/9/1992,MEL-BNE,First,344
3/16/1992,MEL-BNE,First,408
3/23/1992,MEL-BNE,First,435
3/30/1992,MEL-BNE,First,347
4/6/1992,MEL-BNE,First,386
4/13/1992,MEL-BNE,First,346
4/20/1992,MEL-BNE,First,300
4/27/1992,MEL-BNE,First,372
5/4/1992,MEL-BNE,First,358
5/11/1992,MEL-BNE,First,390
5/18/1992,MEL-BNE,First,388
5/25/1992,MEL-BNE,First,393
6/1/1992,MEL-BNE,First,315
6/8/1992,MEL-BNE,First,372
6/15/1992,MEL-BNE,First,288
6/22/1992,MEL-BNE,First,315
6/29/1992,MEL-BNE,First,316
7/6/1992,MEL-BNE,First,343
7/13/1992,MEL-BNE,First,323
7/20/1992,MEL-BNE,First,271
7/27/1992,MEL-BNE,First,298
8/3/1992,MEL-BNE,First,327
8/10/1992,MEL-BNE,First,319
8/17/1992,MEL-BNE,First,291
8/24/1992,MEL-BNE,First,352
8/31/1992,MEL-BNE,First,340
9/7/1992,MEL-BNE,First,352
9/14/1992,MEL-BNE,First,306
9/21/1992,MEL-BNE,First,325
9/28/1992,MEL-BNE,First,336
10/5/1992,MEL-BNE,First,326
10/12/1992,MEL-BNE,First,315
10/19/1992,MEL-BNE,First,330
10/26/1992,MEL-BNE,First,308
11/2/1992,MEL-BNE,First,296
11/9/1992,MEL-BNE,First,310
11/16/1992,MEL-BNE,First,299
11/23/1992,MEL-BNE,First,328
7/10/1989,MEL-OOL,Business,31
7/17/1989,MEL-OOL,Business,54
7/24/1989,MEL-OOL,Business,47
7/31/1989,MEL-OOL,Business,57
8/7/1989,MEL-OOL,Business,72
8/14/1989,MEL-OOL,Business,70
8/21/1989,MEL-OOL,Business,0
8/28/1989,MEL-OOL,Business,0
9/4/1989,MEL-OOL,Business,0
9/11/1989,MEL-OOL,Business,0
9/18/1989,MEL-OOL,Business,0
9/25/1989,MEL-OOL,Business,0
10/2/1989,MEL-OOL,Business,0
10/9/1989,MEL-OOL,Business,0
10/16/1989,MEL-OOL,Business,0
10/30/1989,MEL-OOL,Business,0
11/6/1989,MEL-OOL,Business,0
11/13/1989,MEL-OOL,Business,0
11/20/1989,MEL-OOL,Business,0
11/27/1989,MEL-OOL,Business,6
12/4/1989,MEL-OOL,Business,0
12/11/1989,MEL-OOL,Business,10
12/18/1989,MEL-OOL,Business,31
12/25/1989,MEL-OOL,Business,14
1/1/1990,MEL-OOL,Business,69
1/8/1990,MEL-OOL,Business,20
1/15/1990,MEL-OOL,Business,15
1/22/1990,MEL-OOL,Business,27
1/29/1990,MEL-OOL,Business,19
2/5/1990,MEL-OOL,Business,30
2/12/1990,MEL-OOL,Business,29
2/19/1990,MEL-OOL,Business,15
2/26/1990,MEL-OOL,Business,49
3/5/1990,MEL-OOL,Business,45
3/12/1990,MEL-OOL,Business,35
3/19/1990,MEL-OOL,Business,49
3/26/1990,MEL-OOL,Business,25
4/2/1990,MEL-OOL,Business,68
4/9/1990,MEL-OOL,Business,64
4/16/1990,MEL-OOL,Business,52
4/23/1990,MEL-OOL,Business,54
4/30/1990,MEL-OOL,Business,33
5/7/1990,MEL-OOL,Business,23
5/14/1990,MEL-OOL,Business,41
5/21/1990,MEL-OOL,Business,50
5/28/1990,MEL-OOL,Business,44
6/4/1990,MEL-OOL,Business,53
6/11/1990,MEL-OOL,Business,55
6/18/1990,MEL-OOL,Business,30
6/25/1990,MEL-OOL,Business,51
7/2/1990,MEL-OOL,Business,59
7/9/1990,MEL-OOL,Business,80
7/16/1990,MEL-OOL,Business,49
7/23/1990,MEL-OOL,Business,38
7/30/1990,MEL-OOL,Business,47
8/6/1990,MEL-OOL,Business,54
8/13/1990,MEL-OOL,Business,57
8/20/1990,MEL-OOL,Business,57
8/27/1990,MEL-OOL,Business,35
9/3/1990,MEL-OOL,Business,41
9/10/1990,MEL-OOL,Business,62
9/17/1990,MEL-OOL,Business,75
9/24/1990,MEL-OOL,Business,58
10/1/1990,MEL-OOL,Business,86
10/8/1990,MEL-OOL,Business,49
10/15/1990,MEL-OOL,Business,24
10/22/1990,MEL-OOL,Business,71
10/29/1990,MEL-OOL,Business,71
11/5/1990,MEL-OOL,Business,60
11/12/1990,MEL-OOL,Business,31
11/19/1990,MEL-OOL,Business,27
11/26/1990,MEL-OOL,Business,55
12/3/1990,MEL-OOL,Business,41
12/10/1990,MEL-OOL,Business,62
12/17/1990,MEL-OOL,Business,50
12/24/1990,MEL-OOL,Business,117
1/7/1991,MEL-OOL,Business,45
1/14/1991,MEL-OOL,Business,61
1/21/1991,MEL-OOL,Business,51
1/28/1991,MEL-OOL,Business,40
2/4/1991,MEL-OOL,Business,30
2/11/1991,MEL-OOL,Business,19
2/18/1991,MEL-OOL,Business,30
2/25/1991,MEL-OOL,Business,38
3/4/1991,MEL-OOL,Business,45
3/11/1991,MEL-OOL,Business,62
3/18/1991,MEL-OOL,Business,38
3/25/1991,MEL-OOL,Business,66
4/1/1991,MEL-OOL,Business,55
4/8/1991,MEL-OOL,Business,47
4/15/1991,MEL-OOL,Business,50
4/22/1991,MEL-OOL,Business,27
4/29/1991,MEL-OOL,Business,41
5/6/1991,MEL-OOL,Business,44
5/13/1991,MEL-OOL,Business,30
5/20/1991,MEL-OOL,Business,51
5/27/1991,MEL-OOL,Business,29
6/3/1991,MEL-OOL,Business,53
6/10/1991,MEL-OOL,Business,50
6/17/1991,MEL-OOL,Business,30
6/24/1991,MEL-OOL,Business,25
7/1/1991,MEL-OOL,Business,43
7/8/1991,MEL-OOL,Business,56
7/15/1991,MEL-OOL,Business,33
7/22/1991,MEL-OOL,Business,42
7/29/1991,MEL-OOL,Business,50
8/5/1991,MEL-OOL,Business,36
8/12/1991,MEL-OOL,Business,24
8/19/1991,MEL-OOL,Business,14
8/26/1991,MEL-OOL,Business,30
9/2/1991,MEL-OOL,Business,36
9/9/1991,MEL-OOL,Business,25
9/16/1991,MEL-OOL,Business,36
9/23/1991,MEL-OOL,Business,76
9/30/1991,MEL-OOL,Business,53
10/7/1991,MEL-OOL,Business,78
10/14/1991,MEL-OOL,Business,59
10/21/1991,MEL-OOL,Business,60
10/28/1991,MEL-OOL,Business,57
11/4/1991,MEL-OOL,Business,27
11/11/1991,MEL-OOL,Business,52
11/18/1991,MEL-OOL,Business,34
11/25/1991,MEL-OOL,Business,42
12/2/1991,MEL-OOL,Business,20
12/9/1991,MEL-OOL,Business,27
12/16/1991,MEL-OOL,Business,32
12/23/1991,MEL-OOL,Business,49
12/30/1991,MEL-OOL,Business,57
1/6/1992,MEL-OOL,Business,41
1/13/1992,MEL-OOL,Business,53
1/20/1992,MEL-OOL,Business,37
1/27/1992,MEL-OOL,Business,31
2/3/1992,MEL-OOL,Business,25
2/10/1992,MEL-OOL,Business,31
2/17/1992,MEL-OOL,Business,35
2/24/1992,MEL-OOL,Business,15
3/2/1992,MEL-OOL,Business,42
3/9/1992,MEL-OOL,Business,30
3/16/1992,MEL-OOL,Business,91
3/23/1992,MEL-OOL,Business,95
3/30/1992,MEL-OOL,Business,125
4/6/1992,MEL-OOL,Business,208
4/13/1992,MEL-OOL,Business,251
4/20/1992,MEL-OOL,Business,241
4/27/1992,MEL-OOL,Business,140
5/4/1992,MEL-OOL,Business,80
5/11/1992,MEL-OOL,Business,100
5/18/1992,MEL-OOL,Business,117
5/25/1992,MEL-OOL,Business,150
6/1/1992,MEL-OOL,Business,220
6/8/1992,MEL-OOL,Business,161
6/15/1992,MEL-OOL,Business,94
6/22/1992,MEL-OOL,Business,66
6/29/1992,MEL-OOL,Business,99
7/6/1992,MEL-OOL,Business,182
7/13/1992,MEL-OOL,Business,111
7/20/1992,MEL-OOL,Business,105
7/27/1992,MEL-OOL,Business,59
8/3/1992,MEL-OOL,Business,49
8/10/1992,MEL-OOL,Business,60
8/17/1992,MEL-OOL,Business,82
8/24/1992,MEL-OOL,Business,88
8/31/1992,MEL-OOL,Business,63
9/7/1992,MEL-OOL,Business,72
9/14/1992,MEL-OOL,Business,75
9/21/1992,MEL-OOL,Business,67
9/28/1992,MEL-OOL,Business,70
10/5/1992,MEL-OOL,Business,99
10/12/1992,MEL-OOL,Business,95
10/19/1992,MEL-OOL,Business,100
10/26/1992,MEL-OOL,Business,56
11/2/1992,MEL-OOL,Business,69
11/9/1992,MEL-OOL,Business,69
11/16/1992,MEL-OOL,Business,70
11/23/1992,MEL-OOL,Business,52
6/29/1987,MEL-OOL,Economy,2472
7/6/1987,MEL-OOL,Economy,2899
7/13/1987,MEL-OOL,Economy,2639
7/20/1987,MEL-OOL,Economy,1977
7/27/1987,MEL-OOL,Economy,1988
8/3/1987,MEL-OOL,Economy,1938
8/10/1987,MEL-OOL,Economy,2205
8/17/1987,MEL-OOL,Economy,2209
8/24/1987,MEL-OOL,Economy,2626
8/31/1987,MEL-OOL,Economy,2317
9/7/1987,MEL-OOL,Economy,3174
9/14/1987,MEL-OOL,Economy,5017
9/28/1987,MEL-OOL,Economy,4128
10/5/1987,MEL-OOL,Economy,3332
10/12/1987,MEL-OOL,Economy,2697
10/19/1987,MEL-OOL,Economy,2543
10/26/1987,MEL-OOL,Economy,2665
11/2/1987,MEL-OOL,Economy,2498
11/9/1987,MEL-OOL,Economy,1985
11/16/1987,MEL-OOL,Economy,1988
11/23/1987,MEL-OOL,Economy,2216
11/30/1987,MEL-OOL,Economy,1831
12/7/1987,MEL-OOL,Economy,1640
12/14/1987,MEL-OOL,Economy,1841
12/21/1987,MEL-OOL,Economy,4072
12/28/1987,MEL-OOL,Economy,3857
1/4/1988,MEL-OOL,Economy,3307
1/4/1988,MEL-OOL,Economy,4448
1/11/1988,MEL-OOL,Economy,4029
1/18/1988,MEL-OOL,Economy,2978
1/25/1988,MEL-OOL,Economy,2218
2/1/1988,MEL-OOL,Economy,2151
2/8/1988,MEL-OOL,Economy,2181
2/15/1988,MEL-OOL,Economy,1721
2/22/1988,MEL-OOL,Economy,1821
2/29/1988,MEL-OOL,Economy,1866
3/7/1988,MEL-OOL,Economy,1582
3/14/1988,MEL-OOL,Economy,1818
3/21/1988,MEL-OOL,Economy,3020
3/28/1988,MEL-OOL,Economy,2549
4/4/1988,MEL-OOL,Economy,2232
4/11/1988,MEL-OOL,Economy,1270
4/18/1988,MEL-OOL,Economy,1638
4/25/1988,MEL-OOL,Economy,1801
5/2/1988,MEL-OOL,Economy,1777
5/9/1988,MEL-OOL,Economy,1985
5/16/1988,MEL-OOL,Economy,1824
5/23/1988,MEL-OOL,Economy,1737
5/30/1988,MEL-OOL,Economy,1810
6/6/1988,MEL-OOL,Economy,1916
6/13/1988,MEL-OOL,Economy,3293
6/20/1988,MEL-OOL,Economy,3108
6/27/1988,MEL-OOL,Economy,3656
7/4/1988,MEL-OOL,Economy,3298
7/11/1988,MEL-OOL,Economy,2824
7/18/1988,MEL-OOL,Economy,2651
7/25/1988,MEL-OOL,Economy,2749
8/1/1988,MEL-OOL,Economy,2914
8/8/1988,MEL-OOL,Economy,3162
8/15/1988,MEL-OOL,Economy,3277
8/22/1988,MEL-OOL,Economy,2943
8/29/1988,MEL-OOL,Economy,4000
9/5/1988,MEL-OOL,Economy,4835
9/12/1988,MEL-OOL,Economy,4295
9/19/1988,MEL-OOL,Economy,4207
9/26/1988,MEL-OOL,Economy,3436
10/3/1988,MEL-OOL,Economy,2615
10/10/1988,MEL-OOL,Economy,2689
10/17/1988,MEL-OOL,Economy,2309
10/24/1988,MEL-OOL,Economy,1981
10/31/1988,MEL-OOL,Economy,2101
11/7/1988,MEL-OOL,Economy,1981
11/14/1988,MEL-OOL,Economy,1854
11/21/1988,MEL-OOL,Economy,1653
11/28/1988,MEL-OOL,Economy,1501
12/5/1988,MEL-OOL,Economy,1632
12/12/1988,MEL-OOL,Economy,2851
12/19/1988,MEL-OOL,Economy,3405
12/26/1988,MEL-OOL,Economy,4212
1/2/1989,MEL-OOL,Economy,4180
1/9/1989,MEL-OOL,Economy,3747
1/16/1989,MEL-OOL,Economy,2867
1/23/1989,MEL-OOL,Economy,2181
1/30/1989,MEL-OOL,Economy,1651
2/6/1989,MEL-OOL,Economy,1777
2/13/1989,MEL-OOL,Economy,1441
2/20/1989,MEL-OOL,Economy,1575
2/27/1989,MEL-OOL,Economy,1386
3/6/1989,MEL-OOL,Economy,1755
3/13/1989,MEL-OOL,Economy,2816
3/20/1989,MEL-OOL,Economy,2553
3/27/1989,MEL-OOL,Economy,2493
4/3/1989,MEL-OOL,Economy,1725
4/10/1989,MEL-OOL,Economy,1354
4/17/1989,MEL-OOL,Economy,1149
4/24/1989,MEL-OOL,Economy,1523
5/1/1989,MEL-OOL,Economy,1143
5/8/1989,MEL-OOL,Economy,1057
5/15/1989,MEL-OOL,Economy,1281
5/22/1989,MEL-OOL,Economy,1224
5/29/1989,MEL-OOL,Economy,1535
6/5/1989,MEL-OOL,Economy,1694
6/12/1989,MEL-OOL,Economy,2107
6/19/1989,MEL-OOL,Economy,2876
6/26/1989,MEL-OOL,Economy,3432
7/3/1989,MEL-OOL,Economy,2782
7/10/1989,MEL-OOL,Economy,1856
7/17/1989,MEL-OOL,Economy,1939
7/24/1989,MEL-OOL,Economy,1754
7/31/1989,MEL-OOL,Economy,1717
8/7/1989,MEL-OOL,Economy,1858
8/14/1989,MEL-OOL,Economy,855
8/21/1989,MEL-OOL,Economy,0
8/28/1989,MEL-OOL,Economy,0
9/4/1989,MEL-OOL,Economy,0
9/11/1989,MEL-OOL,Economy,0
9/18/1989,MEL-OOL,Economy,0
9/25/1989,MEL-OOL,Economy,0
10/2/1989,MEL-OOL,Economy,0
10/9/1989,MEL-OOL,Economy,0
10/16/1989,MEL-OOL,Economy,0
10/23/1989,MEL-OOL,Economy,0
10/30/1989,MEL-OOL,Economy,0
11/6/1989,MEL-OOL,Economy,0
11/13/1989,MEL-OOL,Economy,0
11/20/1989,MEL-OOL,Economy,186
11/27/1989,MEL-OOL,Economy,548
12/4/1989,MEL-OOL,Economy,840
12/11/1989,MEL-OOL,Economy,2258
12/18/1989,MEL-OOL,Economy,2415
12/25/1989,MEL-OOL,Economy,2414
1/1/1990,MEL-OOL,Economy,2887
1/8/1990,MEL-OOL,Economy,2681
1/15/1990,MEL-OOL,Economy,2536
1/22/1990,MEL-OOL,Economy,1985
1/29/1990,MEL-OOL,Economy,1414
2/5/1990,MEL-OOL,Economy,1563
2/12/1990,MEL-OOL,Economy,1354
2/19/1990,MEL-OOL,Economy,1252
2/26/1990,MEL-OOL,Economy,1479
3/5/1990,MEL-OOL,Economy,1442
3/12/1990,MEL-OOL,Economy,1654
3/19/1990,MEL-OOL,Economy,1432
3/26/1990,MEL-OOL,Economy,1635
4/2/1990,MEL-OOL,Economy,2812
4/9/1990,MEL-OOL,Economy,2419
4/16/1990,MEL-OOL,Economy,2134
4/23/1990,MEL-OOL,Economy,1871
4/30/1990,MEL-OOL,Economy,1429
5/7/1990,MEL-OOL,Economy,1465
5/14/1990,MEL-OOL,Economy,1416
5/21/1990,MEL-OOL,Economy,1485
5/28/1990,MEL-OOL,Economy,1455
6/4/1990,MEL-OOL,Economy,1525
6/11/1990,MEL-OOL,Economy,1413
6/18/1990,MEL-OOL,Economy,1743
6/25/1990,MEL-OOL,Economy,2020
7/2/1990,MEL-OOL,Economy,2482
7/9/1990,MEL-OOL,Economy,2563
7/16/1990,MEL-OOL,Economy,2281
7/23/1990,MEL-OOL,Economy,1767
7/30/1990,MEL-OOL,Economy,1792
8/6/1990,MEL-OOL,Economy,2085
8/13/1990,MEL-OOL,Economy,1848
8/20/1990,MEL-OOL,Economy,1570
8/27/1990,MEL-OOL,Economy,1971
9/3/1990,MEL-OOL,Economy,2306
9/10/1990,MEL-OOL,Economy,3369
9/17/1990,MEL-OOL,Economy,2621
9/24/1990,MEL-OOL,Economy,3714
10/1/1990,MEL-OOL,Economy,2863
10/8/1990,MEL-OOL,Economy,2007
10/15/1990,MEL-OOL,Economy,1769
10/22/1990,MEL-OOL,Economy,1919
10/29/1990,MEL-OOL,Economy,1734
11/5/1990,MEL-OOL,Economy,1712
11/12/1990,MEL-OOL,Economy,1772
11/19/1990,MEL-OOL,Economy,1601
11/26/1990,MEL-OOL,Economy,1586
12/3/1990,MEL-OOL,Economy,1795
12/10/1990,MEL-OOL,Economy,2810
12/17/1990,MEL-OOL,Economy,4287
12/24/1990,MEL-OOL,Economy,3964
1/7/1991,MEL-OOL,Economy,4353
1/14/1991,MEL-OOL,Economy,3690
1/21/1991,MEL-OOL,Economy,2954
1/28/1991,MEL-OOL,Economy,2489
2/4/1991,MEL-OOL,Economy,1679
2/11/1991,MEL-OOL,Economy,1645
2/18/1991,MEL-OOL,Economy,1482
2/25/1991,MEL-OOL,Economy,1371
3/4/1991,MEL-OOL,Economy,1558
3/11/1991,MEL-OOL,Economy,1469
3/18/1991,MEL-OOL,Economy,1226
3/25/1991,MEL-OOL,Economy,2286
4/1/1991,MEL-OOL,Economy,2004
4/8/1991,MEL-OOL,Economy,1894
4/15/1991,MEL-OOL,Economy,1819
4/22/1991,MEL-OOL,Economy,1984
4/29/1991,MEL-OOL,Economy,1645
5/6/1991,MEL-OOL,Economy,1507
5/13/1991,MEL-OOL,Economy,1449
5/20/1991,MEL-OOL,Economy,1343
5/27/1991,MEL-OOL,Economy,1262
6/3/1991,MEL-OOL,Economy,1706
6/10/1991,MEL-OOL,Economy,1655
6/17/1991,MEL-OOL,Economy,1538
6/24/1991,MEL-OOL,Economy,1641
7/1/1991,MEL-OOL,Economy,2448
7/8/1991,MEL-OOL,Economy,2463
7/15/1991,MEL-OOL,Economy,2718
7/22/1991,MEL-OOL,Economy,2119
7/29/1991,MEL-OOL,Economy,1911
8/5/1991,MEL-OOL,Economy,1745
8/12/1991,MEL-OOL,Economy,1929
8/19/1991,MEL-OOL,Economy,2215
8/26/1991,MEL-OOL,Economy,2249
9/2/1991,MEL-OOL,Economy,2483
9/9/1991,MEL-OOL,Economy,2359
9/16/1991,MEL-OOL,Economy,3352
9/23/1991,MEL-OOL,Economy,3243
9/30/1991,MEL-OOL,Economy,3374
10/7/1991,MEL-OOL,Economy,2446
10/14/1991,MEL-OOL,Economy,2344
10/21/1991,MEL-OOL,Economy,2231
10/28/1991,MEL-OOL,Economy,2242
11/4/1991,MEL-OOL,Economy,2124
11/11/1991,MEL-OOL,Economy,2269
11/18/1991,MEL-OOL,Economy,2137
11/25/1991,MEL-OOL,Economy,2238
12/2/1991,MEL-OOL,Economy,2284
12/9/1991,MEL-OOL,Economy,2159
12/16/1991,MEL-OOL,Economy,2742
12/23/1991,MEL-OOL,Economy,4850
12/30/1991,MEL-OOL,Economy,4520
1/6/1992,MEL-OOL,Economy,4570
1/13/1992,MEL-OOL,Economy,4407
1/20/1992,MEL-OOL,Economy,2611
1/27/1992,MEL-OOL,Economy,2191
2/3/1992,MEL-OOL,Economy,1850
2/10/1992,MEL-OOL,Economy,1878
2/17/1992,MEL-OOL,Economy,1836
2/24/1992,MEL-OOL,Economy,1593
3/2/1992,MEL-OOL,Economy,1587
3/9/1992,MEL-OOL,Economy,1826
3/16/1992,MEL-OOL,Economy,1463
3/23/1992,MEL-OOL,Economy,1962
3/30/1992,MEL-OOL,Economy,1444
4/6/1992,MEL-OOL,Economy,1856
4/13/1992,MEL-OOL,Economy,2053
4/20/1992,MEL-OOL,Economy,2300
4/27/1992,MEL-OOL,Economy,1531
5/4/1992,MEL-OOL,Economy,1567
5/11/1992,MEL-OOL,Economy,1363
5/18/1992,MEL-OOL,Economy,1367
5/25/1992,MEL-OOL,Economy,1548
6/1/1992,MEL-OOL,Economy,1822
6/8/1992,MEL-OOL,Economy,1657
6/15/1992,MEL-OOL,Economy,1412
6/22/1992,MEL-OOL,Economy,2088
6/29/1992,MEL-OOL,Economy,1838
7/6/1992,MEL-OOL,Economy,1791
7/13/1992,MEL-OOL,Economy,2276
7/20/1992,MEL-OOL,Economy,1970
7/27/1992,MEL-OOL,Economy,1643
8/3/1992,MEL-OOL,Economy,1845
8/10/1992,MEL-OOL,Economy,1730
8/17/1992,MEL-OOL,Economy,1713
8/24/1992,MEL-OOL,Economy,1819
8/31/1992,MEL-OOL,Economy,1685
9/7/1992,MEL-OOL,Economy,1829
9/14/1992,MEL-OOL,Economy,2211
9/21/1992,MEL-OOL,Economy,1693
9/28/1992,MEL-OOL,Economy,1684
10/5/1992,MEL-OOL,Economy,2039
10/12/1992,MEL-OOL,Economy,1598
10/19/1992,MEL-OOL,Economy,2199
10/26/1992,MEL-OOL,Economy,1662
11/2/1992,MEL-OOL,Economy,1681
11/9/1992,MEL-OOL,Economy,1759
11/16/1992,MEL-OOL,Economy,1592
11/23/1992,MEL-OOL,Economy,1701
6/29/1987,MEL-OOL,First,76
7/6/1987,MEL-OOL,First,65
7/13/1987,MEL-OOL,First,53
7/20/1987,MEL-OOL,First,82
7/27/1987,MEL-OOL,First,62
8/3/1987,MEL-OOL,First,88
8/10/1987,MEL-OOL,First,62
8/17/1987,MEL-OOL,First,101
8/24/1987,MEL-OOL,First,67
8/31/1987,MEL-OOL,First,58
9/7/1987,MEL-OOL,First,106
9/14/1987,MEL-OOL,First,107
9/28/1987,MEL-OOL,First,112
10/5/1987,MEL-OOL,First,97
10/12/1987,MEL-OOL,First,103
10/19/1987,MEL-OOL,First,101
10/26/1987,MEL-OOL,First,79
11/2/1987,MEL-OOL,First,91
11/9/1987,MEL-OOL,First,68
11/16/1987,MEL-OOL,First,64
11/23/1987,MEL-OOL,First,54
11/30/1987,MEL-OOL,First,84
12/7/1987,MEL-OOL,First,44
12/14/1987,MEL-OOL,First,36
12/21/1987,MEL-OOL,First,54
12/28/1987,MEL-OOL,First,52
1/4/1988,MEL-OOL,First,71
1/4/1988,MEL-OOL,First,80
1/11/1988,MEL-OOL,First,78
1/18/1988,MEL-OOL,First,79
1/25/1988,MEL-OOL,First,48
2/1/1988,MEL-OOL,First,52
2/8/1988,MEL-OOL,First,48
2/15/1988,MEL-OOL,First,67
2/22/1988,MEL-OOL,First,35
2/29/1988,MEL-OOL,First,59
3/7/1988,MEL-OOL,First,43
3/14/1988,MEL-OOL,First,44
3/21/1988,MEL-OOL,First,89
3/28/1988,MEL-OOL,First,88
4/4/1988,MEL-OOL,First,63
4/11/1988,MEL-OOL,First,38
4/18/1988,MEL-OOL,First,94
4/25/1988,MEL-OOL,First,57
5/2/1988,MEL-OOL,First,55
5/9/1988,MEL-OOL,First,84
5/16/1988,MEL-OOL,First,84
5/23/1988,MEL-OOL,First,47
5/30/1988,MEL-OOL,First,64
6/6/1988,MEL-OOL,First,36
6/13/1988,MEL-OOL,First,101
6/20/1988,MEL-OOL,First,51
6/27/1988,MEL-OOL,First,74
7/4/1988,MEL-OOL,First,110
7/11/1988,MEL-OOL,First,60
7/18/1988,MEL-OOL,First,61
7/25/1988,MEL-OOL,First,65
8/1/1988,MEL-OOL,First,67
8/8/1988,MEL-OOL,First,110
8/15/1988,MEL-OOL,First,90
8/22/1988,MEL-OOL,First,63
8/29/1988,MEL-OOL,First,132
9/5/1988,MEL-OOL,First,111
9/12/1988,MEL-OOL,First,133
9/19/1988,MEL-OOL,First,134
9/26/1988,MEL-OOL,First,92
10/3/1988,MEL-OOL,First,54
10/10/1988,MEL-OOL,First,74
10/17/1988,MEL-OOL,First,67
10/24/1988,MEL-OOL,First,87
10/31/1988,MEL-OOL,First,60
11/7/1988,MEL-OOL,First,90
11/14/1988,MEL-OOL,First,87
11/21/1988,MEL-OOL,First,45
11/28/1988,MEL-OOL,First,57
12/5/1988,MEL-OOL,First,64
12/12/1988,MEL-OOL,First,93
12/19/1988,MEL-OOL,First,73
12/26/1988,MEL-OOL,First,108
1/2/1989,MEL-OOL,First,122
1/9/1989,MEL-OOL,First,137
1/16/1989,MEL-OOL,First,51
1/23/1989,MEL-OOL,First,53
1/30/1989,MEL-OOL,First,50
2/6/1989,MEL-OOL,First,45
2/13/1989,MEL-OOL,First,63
2/20/1989,MEL-OOL,First,46
2/27/1989,MEL-OOL,First,50
3/6/1989,MEL-OOL,First,87
3/13/1989,MEL-OOL,First,122
3/20/1989,MEL-OOL,First,101
3/27/1989,MEL-OOL,First,75
4/3/1989,MEL-OOL,First,71
4/10/1989,MEL-OOL,First,54
4/17/1989,MEL-OOL,First,35
4/24/1989,MEL-OOL,First,48
5/1/1989,MEL-OOL,First,33
5/8/1989,MEL-OOL,First,28
5/15/1989,MEL-OOL,First,44
5/22/1989,MEL-OOL,First,40
5/29/1989,MEL-OOL,First,64
6/5/1989,MEL-OOL,First,64
6/12/1989,MEL-OOL,First,79
6/19/1989,MEL-OOL,First,71
6/26/1989,MEL-OOL,First,89
7/3/1989,MEL-OOL,First,87
7/10/1989,MEL-OOL,First,58
7/17/1989,MEL-OOL,First,58
7/24/1989,MEL-OOL,First,52
7/31/1989,MEL-OOL,First,36
8/7/1989,MEL-OOL,First,73
8/14/1989,MEL-OOL,First,31
8/21/1989,MEL-OOL,First,0
8/28/1989,MEL-OOL,First,0
9/4/1989,MEL-OOL,First,0
9/11/1989,MEL-OOL,First,0
9/18/1989,MEL-OOL,First,0
9/25/1989,MEL-OOL,First,0
10/2/1989,MEL-OOL,First,0
10/9/1989,MEL-OOL,First,0
10/16/1989,MEL-OOL,First,0
10/23/1989,MEL-OOL,First,0
10/30/1989,MEL-OOL,First,0
11/6/1989,MEL-OOL,First,0
11/13/1989,MEL-OOL,First,0
11/20/1989,MEL-OOL,First,0
11/27/1989,MEL-OOL,First,0
12/4/1989,MEL-OOL,First,6
12/11/1989,MEL-OOL,First,10
12/18/1989,MEL-OOL,First,18
12/25/1989,MEL-OOL,First,5
1/1/1990,MEL-OOL,First,28
1/8/1990,MEL-OOL,First,14
1/15/1990,MEL-OOL,First,23
1/22/1990,MEL-OOL,First,13
1/29/1990,MEL-OOL,First,3
2/5/1990,MEL-OOL,First,21
2/12/1990,MEL-OOL,First,18
2/19/1990,MEL-OOL,First,16
2/26/1990,MEL-OOL,First,43
3/5/1990,MEL-OOL,First,56
3/12/1990,MEL-OOL,First,36
3/19/1990,MEL-OOL,First,23
3/26/1990,MEL-OOL,First,34
4/2/1990,MEL-OOL,First,59
4/9/1990,MEL-OOL,First,73
4/16/1990,MEL-OOL,First,68
4/23/1990,MEL-OOL,First,67
4/30/1990,MEL-OOL,First,42
5/7/1990,MEL-OOL,First,42
5/14/1990,MEL-OOL,First,27
5/21/1990,MEL-OOL,First,61
5/28/1990,MEL-OOL,First,59
6/4/1990,MEL-OOL,First,66
6/11/1990,MEL-OOL,First,43
6/18/1990,MEL-OOL,First,33
6/25/1990,MEL-OOL,First,59
7/2/1990,MEL-OOL,First,36
7/9/1990,MEL-OOL,First,83
7/16/1990,MEL-OOL,First,58
7/23/1990,MEL-OOL,First,29
7/30/1990,MEL-OOL,First,58
8/6/1990,MEL-OOL,First,46
8/13/1990,MEL-OOL,First,27
8/20/1990,MEL-OOL,First,56
8/27/1990,MEL-OOL,First,38
9/3/1990,MEL-OOL,First,30
9/10/1990,MEL-OOL,First,19
9/17/1990,MEL-OOL,First,41
9/24/1990,MEL-OOL,First,39
10/1/1990,MEL-OOL,First,37
10/8/1990,MEL-OOL,First,20
10/15/1990,MEL-OOL,First,61
10/22/1990,MEL-OOL,First,29
10/29/1990,MEL-OOL,First,27
11/5/1990,MEL-OOL,First,32
11/12/1990,MEL-OOL,First,43
11/19/1990,MEL-OOL,First,23
11/26/1990,MEL-OOL,First,22
12/3/1990,MEL-OOL,First,24
12/10/1990,MEL-OOL,First,38
12/17/1990,MEL-OOL,First,52
12/24/1990,MEL-OOL,First,37
1/7/1991,MEL-OOL,First,41
1/14/1991,MEL-OOL,First,49
1/21/1991,MEL-OOL,First,81
1/28/1991,MEL-OOL,First,50
2/4/1991,MEL-OOL,First,19
2/11/1991,MEL-OOL,First,39
2/18/1991,MEL-OOL,First,19
2/25/1991,MEL-OOL,First,17
3/4/1991,MEL-OOL,First,14
3/11/1991,MEL-OOL,First,37
3/18/1991,MEL-OOL,First,17
3/25/1991,MEL-OOL,First,50
4/1/1991,MEL-OOL,First,41
4/8/1991,MEL-OOL,First,29
4/15/1991,MEL-OOL,First,55
4/22/1991,MEL-OOL,First,32
4/29/1991,MEL-OOL,First,24
5/6/1991,MEL-OOL,First,32
5/13/1991,MEL-OOL,First,13
5/20/1991,MEL-OOL,First,21
5/27/1991,MEL-OOL,First,13
6/3/1991,MEL-OOL,First,21
6/10/1991,MEL-OOL,First,13
6/17/1991,MEL-OOL,First,16
6/24/1991,MEL-OOL,First,28
7/1/1991,MEL-OOL,First,37
7/8/1991,MEL-OOL,First,33
7/15/1991,MEL-OOL,First,44
7/22/1991,MEL-OOL,First,31
7/29/1991,MEL-OOL,First,15
8/5/1991,MEL-OOL,First,37
8/12/1991,MEL-OOL,First,47
8/19/1991,MEL-OOL,First,29
8/26/1991,MEL-OOL,First,16
9/2/1991,MEL-OOL,First,12
9/9/1991,MEL-OOL,First,32
9/16/1991,MEL-OOL,First,37
9/23/1991,MEL-OOL,First,32
9/30/1991,MEL-OOL,First,19
10/7/1991,MEL-OOL,First,15
10/14/1991,MEL-OOL,First,22
10/21/1991,MEL-OOL,First,20
10/28/1991,MEL-OOL,First,64
11/4/1991,MEL-OOL,First,23
11/11/1991,MEL-OOL,First,13
11/18/1991,MEL-OOL,First,9
11/25/1991,MEL-OOL,First,7
12/2/1991,MEL-OOL,First,16
12/9/1991,MEL-OOL,First,15
12/16/1991,MEL-OOL,First,15
12/23/1991,MEL-OOL,First,27
12/30/1991,MEL-OOL,First,68
1/6/1992,MEL-OOL,First,42
1/13/1992,MEL-OOL,First,28
1/20/1992,MEL-OOL,First,27
1/27/1992,MEL-OOL,First,15
2/3/1992,MEL-OOL,First,72
2/10/1992,MEL-OOL,First,78
2/17/1992,MEL-OOL,First,88
2/24/1992,MEL-OOL,First,65
3/2/1992,MEL-OOL,First,93
3/9/1992,MEL-OOL,First,121
3/16/1992,MEL-OOL,First,28
3/23/1992,MEL-OOL,First,69
3/30/1992,MEL-OOL,First,43
4/6/1992,MEL-OOL,First,65
4/13/1992,MEL-OOL,First,84
4/20/1992,MEL-OOL,First,125
4/27/1992,MEL-OOL,First,54
5/4/1992,MEL-OOL,First,66
5/11/1992,MEL-OOL,First,73
5/18/1992,MEL-OOL,First,93
5/25/1992,MEL-OOL,First,92
6/1/1992,MEL-OOL,First,120
6/8/1992,MEL-OOL,First,83
6/15/1992,MEL-OOL,First,44
6/22/1992,MEL-OOL,First,52
6/29/1992,MEL-OOL,First,59
7/6/1992,MEL-OOL,First,59
7/13/1992,MEL-OOL,First,46
7/20/1992,MEL-OOL,First,52
7/27/1992,MEL-OOL,First,42
8/3/1992,MEL-OOL,First,45
8/10/1992,MEL-OOL,First,47
8/17/1992,MEL-OOL,First,48
8/24/1992,MEL-OOL,First,78
8/31/1992,MEL-OOL,First,44
9/7/1992,MEL-OOL,First,45
9/14/1992,MEL-OOL,First,59
9/21/1992,MEL-OOL,First,53
9/28/1992,MEL-OOL,First,61
10/5/1992,MEL-OOL,First,53
10/12/1992,MEL-OOL,First,70
10/19/1992,MEL-OOL,First,72
10/26/1992,MEL-OOL,First,36
11/2/1992,MEL-OOL,First,64
11/9/1992,MEL-OOL,First,37
11/16/1992,MEL-OOL,First,39
11/23/1992,MEL-OOL,First,54
7/10/1989,MEL-PER,Business,262
7/17/1989,MEL-PER,Business,427
7/24/1989,MEL-PER,Business,339
7/31/1989,MEL-PER,Business,396
8/7/1989,MEL-PER,Business,336
8/14/1989,MEL-PER,Business,235
8/21/1989,MEL-PER,Business,0
8/28/1989,MEL-PER,Business,0
9/4/1989,MEL-PER,Business,0
9/11/1989,MEL-PER,Business,0
9/18/1989,MEL-PER,Business,0
9/25/1989,MEL-PER,Business,0
10/2/1989,MEL-PER,Business,0
10/9/1989,MEL-PER,Business,0
10/16/1989,MEL-PER,Business,0
10/23/1989,MEL-PER,Business,222
10/30/1989,MEL-PER,Business,41
11/6/1989,MEL-PER,Business,0
11/13/1989,MEL-PER,Business,0
11/20/1989,MEL-PER,Business,0
11/27/1989,MEL-PER,Business,25
12/4/1989,MEL-PER,Business,12
12/11/1989,MEL-PER,Business,14
12/18/1989,MEL-PER,Business,0
12/25/1989,MEL-PER,Business,19
1/1/1990,MEL-PER,Business,38
1/8/1990,MEL-PER,Business,105
1/15/1990,MEL-PER,Business,209
1/22/1990,MEL-PER,Business,338
1/29/1990,MEL-PER,Business,400
2/5/1990,MEL-PER,Business,366
2/12/1990,MEL-PER,Business,369
2/19/1990,MEL-PER,Business,347
2/26/1990,MEL-PER,Business,324
3/5/1990,MEL-PER,Business,379
3/12/1990,MEL-PER,Business,404
3/19/1990,MEL-PER,Business,445
3/26/1990,MEL-PER,Business,386
4/2/1990,MEL-PER,Business,310
4/9/1990,MEL-PER,Business,249
4/16/1990,MEL-PER,Business,347
4/23/1990,MEL-PER,Business,437
4/30/1990,MEL-PER,Business,407
5/7/1990,MEL-PER,Business,372
5/14/1990,MEL-PER,Business,442
5/21/1990,MEL-PER,Business,412
5/28/1990,MEL-PER,Business,325
6/4/1990,MEL-PER,Business,346
6/11/1990,MEL-PER,Business,382
6/18/1990,MEL-PER,Business,380
6/25/1990,MEL-PER,Business,367
7/2/1990,MEL-PER,Business,305
7/9/1990,MEL-PER,Business,395
7/16/1990,MEL-PER,Business,346
7/23/1990,MEL-PER,Business,386
7/30/1990,MEL-PER,Business,399
8/6/1990,MEL-PER,Business,371
8/13/1990,MEL-PER,Business,428
8/20/1990,MEL-PER,Business,393
8/27/1990,MEL-PER,Business,358
9/3/1990,MEL-PER,Business,420
9/10/1990,MEL-PER,Business,389
9/17/1990,MEL-PER,Business,317
9/24/1990,MEL-PER,Business,419
10/1/1990,MEL-PER,Business,458
10/8/1990,MEL-PER,Business,452
10/15/1990,MEL-PER,Business,462
10/22/1990,MEL-PER,Business,487
10/29/1990,MEL-PER,Business,319
11/5/1990,MEL-PER,Business,502
11/12/1990,MEL-PER,Business,499
11/19/1990,MEL-PER,Business,507
11/26/1990,MEL-PER,Business,480
12/3/1990,MEL-PER,Business,451
12/10/1990,MEL-PER,Business,353
12/17/1990,MEL-PER,Business,146
12/24/1990,MEL-PER,Business,164
1/7/1991,MEL-PER,Business,159
1/14/1991,MEL-PER,Business,270
1/21/1991,MEL-PER,Business,215
1/28/1991,MEL-PER,Business,317
2/4/1991,MEL-PER,Business,348
2/11/1991,MEL-PER,Business,396
2/18/1991,MEL-PER,Business,445
2/25/1991,MEL-PER,Business,433
3/4/1991,MEL-PER,Business,459
3/11/1991,MEL-PER,Business,473
3/18/1991,MEL-PER,Business,554
3/25/1991,MEL-PER,Business,349
4/1/1991,MEL-PER,Business,283
4/8/1991,MEL-PER,Business,476
4/15/1991,MEL-PER,Business,473
4/22/1991,MEL-PER,Business,330
4/29/1991,MEL-PER,Business,515
5/6/1991,MEL-PER,Business,425
5/13/1991,MEL-PER,Business,464
5/20/1991,MEL-PER,Business,411
5/27/1991,MEL-PER,Business,505
6/3/1991,MEL-PER,Business,388
6/10/1991,MEL-PER,Business,369
6/17/1991,MEL-PER,Business,418
6/24/1991,MEL-PER,Business,397
7/1/1991,MEL-PER,Business,396
7/8/1991,MEL-PER,Business,376
7/15/1991,MEL-PER,Business,348
7/22/1991,MEL-PER,Business,427
7/29/1991,MEL-PER,Business,394
8/5/1991,MEL-PER,Business,430
8/12/1991,MEL-PER,Business,338
8/19/1991,MEL-PER,Business,373
8/26/1991,MEL-PER,Business,454
9/2/1991,MEL-PER,Business,330
9/9/1991,MEL-PER,Business,361
9/16/1991,MEL-PER,Business,425
9/23/1991,MEL-PER,Business,423
9/30/1991,MEL-PER,Business,458
10/7/1991,MEL-PER,Business,371
10/14/1991,MEL-PER,Business,409
10/21/1991,MEL-PER,Business,406
10/28/1991,MEL-PER,Business,486
11/4/1991,MEL-PER,Business,402
11/11/1991,MEL-PER,Business,481
11/18/1991,MEL-PER,Business,492
11/25/1991,MEL-PER,Business,519
12/2/1991,MEL-PER,Business,405
12/9/1991,MEL-PER,Business,424
12/16/1991,MEL-PER,Business,401
12/23/1991,MEL-PER,Business,114
12/30/1991,MEL-PER,Business,132
1/6/1992,MEL-PER,Business,183
1/13/1992,MEL-PER,Business,368
1/20/1992,MEL-PER,Business,346
1/27/1992,MEL-PER,Business,269
2/3/1992,MEL-PER,Business,418
2/10/1992,MEL-PER,Business,482
2/17/1992,MEL-PER,Business,466
2/24/1992,MEL-PER,Business,489
3/2/1992,MEL-PER,Business,391
3/9/1992,MEL-PER,Business,566
3/16/1992,MEL-PER,Business,492
3/23/1992,MEL-PER,Business,1174
3/30/1992,MEL-PER,Business,1477
4/6/1992,MEL-PER,Business,1640
4/13/1992,MEL-PER,Business,1268
4/20/1992,MEL-PER,Business,1075
4/27/1992,MEL-PER,Business,1423
5/4/1992,MEL-PER,Business,1283
5/11/1992,MEL-PER,Business,1304
5/18/1992,MEL-PER,Business,1370
5/25/1992,MEL-PER,Business,1237
6/1/1992,MEL-PER,Business,981
6/8/1992,MEL-PER,Business,998
6/15/1992,MEL-PER,Business,920
6/22/1992,MEL-PER,Business,823
6/29/1992,MEL-PER,Business,677
7/6/1992,MEL-PER,Business,595
7/13/1992,MEL-PER,Business,649
7/20/1992,MEL-PER,Business,720
7/27/1992,MEL-PER,Business,548
8/3/1992,MEL-PER,Business,521
8/10/1992,MEL-PER,Business,691
8/17/1992,MEL-PER,Business,625
8/24/1992,MEL-PER,Business,771
8/31/1992,MEL-PER,Business,668
9/7/1992,MEL-PER,Business,649
9/14/1992,MEL-PER,Business,680
9/21/1992,MEL-PER,Business,685
9/28/1992,MEL-PER,Business,783
10/5/1992,MEL-PER,Business,548
10/12/1992,MEL-PER,Business,670
10/19/1992,MEL-PER,Business,732
10/26/1992,MEL-PER,Business,726
11/2/1992,MEL-PER,Business,624
11/9/1992,MEL-PER,Business,660
11/16/1992,MEL-PER,Business,685
11/23/1992,MEL-PER,Business,758
6/29/1987,MEL-PER,Economy,3011
7/6/1987,MEL-PER,Economy,3001
7/13/1987,MEL-PER,Economy,3755
7/20/1987,MEL-PER,Economy,3082
7/27/1987,MEL-PER,Economy,2695
8/3/1987,MEL-PER,Economy,2740
8/10/1987,MEL-PER,Economy,2668
8/17/1987,MEL-PER,Economy,2990
8/24/1987,MEL-PER,Economy,3066
8/31/1987,MEL-PER,Economy,2927
9/7/1987,MEL-PER,Economy,3169
9/14/1987,MEL-PER,Economy,4094
9/21/1987,MEL-PER,Economy,4831
9/28/1987,MEL-PER,Economy,4420
10/5/1987,MEL-PER,Economy,4111
10/12/1987,MEL-PER,Economy,4064
10/19/1987,MEL-PER,Economy,3448
10/26/1987,MEL-PER,Economy,3592
11/2/1987,MEL-PER,Economy,3234
11/9/1987,MEL-PER,Economy,3448
11/16/1987,MEL-PER,Economy,3266
11/23/1987,MEL-PER,Economy,3461
11/30/1987,MEL-PER,Economy,3231
12/7/1987,MEL-PER,Economy,3828
12/14/1987,MEL-PER,Economy,4526
12/21/1987,MEL-PER,Economy,4722
12/28/1987,MEL-PER,Economy,4122
1/4/1988,MEL-PER,Economy,4755
1/4/1988,MEL-PER,Economy,4595
1/11/1988,MEL-PER,Economy,4062
1/18/1988,MEL-PER,Economy,4166
1/25/1988,MEL-PER,Economy,4125
2/1/1988,MEL-PER,Economy,3591
2/8/1988,MEL-PER,Economy,3630
2/15/1988,MEL-PER,Economy,3096
2/22/1988,MEL-PER,Economy,4137
2/29/1988,MEL-PER,Economy,3527
3/7/1988,MEL-PER,Economy,3348
3/14/1988,MEL-PER,Economy,3766
3/21/1988,MEL-PER,Economy,4180
3/28/1988,MEL-PER,Economy,3347
4/4/1988,MEL-PER,Economy,3801
4/11/1988,MEL-PER,Economy,3405
4/18/1988,MEL-PER,Economy,3214
4/25/1988,MEL-PER,Economy,3114
5/2/1988,MEL-PER,Economy,3145
5/9/1988,MEL-PER,Economy,3235
5/16/1988,MEL-PER,Economy,3124
5/23/1988,MEL-PER,Economy,2734
5/30/1988,MEL-PER,Economy,2824
6/6/1988,MEL-PER,Economy,2609
6/13/1988,MEL-PER,Economy,3164
6/20/1988,MEL-PER,Economy,3368
6/27/1988,MEL-PER,Economy,3822
7/4/1988,MEL-PER,Economy,2982
7/11/1988,MEL-PER,Economy,2959
7/18/1988,MEL-PER,Economy,3028
7/25/1988,MEL-PER,Economy,2816
8/1/1988,MEL-PER,Economy,3031
8/8/1988,MEL-PER,Economy,3026
8/15/1988,MEL-PER,Economy,3350
8/22/1988,MEL-PER,Economy,2974
8/29/1988,MEL-PER,Economy,3013
9/5/1988,MEL-PER,Economy,3248
9/12/1988,MEL-PER,Economy,3932
9/19/1988,MEL-PER,Economy,4134
9/26/1988,MEL-PER,Economy,3324
10/3/1988,MEL-PER,Economy,3986
10/10/1988,MEL-PER,Economy,3056
10/17/1988,MEL-PER,Economy,3156
10/24/1988,MEL-PER,Economy,3235
10/31/1988,MEL-PER,Economy,3238
11/7/1988,MEL-PER,Economy,2946
11/14/1988,MEL-PER,Economy,3047
11/21/1988,MEL-PER,Economy,3065
11/28/1988,MEL-PER,Economy,3200
12/5/1988,MEL-PER,Economy,3848
12/12/1988,MEL-PER,Economy,4283
12/19/1988,MEL-PER,Economy,3584
12/26/1988,MEL-PER,Economy,4233
1/2/1989,MEL-PER,Economy,4547
1/9/1989,MEL-PER,Economy,4341
1/16/1989,MEL-PER,Economy,3737
1/23/1989,MEL-PER,Economy,3471
1/30/1989,MEL-PER,Economy,2852
2/6/1989,MEL-PER,Economy,3032
2/13/1989,MEL-PER,Economy,3291
2/20/1989,MEL-PER,Economy,3215
2/27/1989,MEL-PER,Economy,3036
3/6/1989,MEL-PER,Economy,3360
3/13/1989,MEL-PER,Economy,3791
3/20/1989,MEL-PER,Economy,3544
3/27/1989,MEL-PER,Economy,3889
4/3/1989,MEL-PER,Economy,3897
4/10/1989,MEL-PER,Economy,3461
4/17/1989,MEL-PER,Economy,3204
4/24/1989,MEL-PER,Economy,3503
5/1/1989,MEL-PER,Economy,2883
5/8/1989,MEL-PER,Economy,2761
5/15/1989,MEL-PER,Economy,3032
5/22/1989,MEL-PER,Economy,2736
5/29/1989,MEL-PER,Economy,3009
6/5/1989,MEL-PER,Economy,2677
6/12/1989,MEL-PER,Economy,3073
6/19/1989,MEL-PER,Economy,3363
6/26/1989,MEL-PER,Economy,3829
7/3/1989,MEL-PER,Economy,4090
7/10/1989,MEL-PER,Economy,3405
7/17/1989,MEL-PER,Economy,3077
7/24/1989,MEL-PER,Economy,2662
7/31/1989,MEL-PER,Economy,2506
8/7/1989,MEL-PER,Economy,2559
8/14/1989,MEL-PER,Economy,1725
8/21/1989,MEL-PER,Economy,0
8/28/1989,MEL-PER,Economy,0
9/4/1989,MEL-PER,Economy,0
9/11/1989,MEL-PER,Economy,0
9/18/1989,MEL-PER,Economy,0
9/25/1989,MEL-PER,Economy,0
10/2/1989,MEL-PER,Economy,0
10/9/1989,MEL-PER,Economy,0
10/16/1989,MEL-PER,Economy,0
10/23/1989,MEL-PER,Economy,1430
10/30/1989,MEL-PER,Economy,2057
11/6/1989,MEL-PER,Economy,3513
11/13/1989,MEL-PER,Economy,3705
11/20/1989,MEL-PER,Economy,3865
11/27/1989,MEL-PER,Economy,3431
12/4/1989,MEL-PER,Economy,4940
12/11/1989,MEL-PER,Economy,4793
12/18/1989,MEL-PER,Economy,3484
12/25/1989,MEL-PER,Economy,4143
1/1/1990,MEL-PER,Economy,4553
1/8/1990,MEL-PER,Economy,4953
1/15/1990,MEL-PER,Economy,4181
1/22/1990,MEL-PER,Economy,3804
1/29/1990,MEL-PER,Economy,2897
2/5/1990,MEL-PER,Economy,2752
2/12/1990,MEL-PER,Economy,2580
2/19/1990,MEL-PER,Economy,2458
2/26/1990,MEL-PER,Economy,2432
3/5/1990,MEL-PER,Economy,2959
3/12/1990,MEL-PER,Economy,2969
3/19/1990,MEL-PER,Economy,3565
3/26/1990,MEL-PER,Economy,3714
4/2/1990,MEL-PER,Economy,4239
4/9/1990,MEL-PER,Economy,3932
4/16/1990,MEL-PER,Economy,3923
4/23/1990,MEL-PER,Economy,3729
4/30/1990,MEL-PER,Economy,3027
5/7/1990,MEL-PER,Economy,2980
5/14/1990,MEL-PER,Economy,2854
5/21/1990,MEL-PER,Economy,2799
5/28/1990,MEL-PER,Economy,2654
6/4/1990,MEL-PER,Economy,2619
6/11/1990,MEL-PER,Economy,2730
6/18/1990,MEL-PER,Economy,3070
6/25/1990,MEL-PER,Economy,4054
7/2/1990,MEL-PER,Economy,3898
7/9/1990,MEL-PER,Economy,4471
7/16/1990,MEL-PER,Economy,3454
7/23/1990,MEL-PER,Economy,3011
7/30/1990,MEL-PER,Economy,3041
8/6/1990,MEL-PER,Economy,3133
8/13/1990,MEL-PER,Economy,3265
8/20/1990,MEL-PER,Economy,3821
8/27/1990,MEL-PER,Economy,3588
9/3/1990,MEL-PER,Economy,3887
9/10/1990,MEL-PER,Economy,4407
9/17/1990,MEL-PER,Economy,3758
9/24/1990,MEL-PER,Economy,5781
10/1/1990,MEL-PER,Economy,5449
10/8/1990,MEL-PER,Economy,4986
10/15/1990,MEL-PER,Economy,4606
10/22/1990,MEL-PER,Economy,4862
10/29/1990,MEL-PER,Economy,4611
11/5/1990,MEL-PER,Economy,4465
11/12/1990,MEL-PER,Economy,4416
11/19/1990,MEL-PER,Economy,4560
11/26/1990,MEL-PER,Economy,4823
12/3/1990,MEL-PER,Economy,4857
12/10/1990,MEL-PER,Economy,6775
12/17/1990,MEL-PER,Economy,6123
12/24/1990,MEL-PER,Economy,5430
1/7/1991,MEL-PER,Economy,6286
1/14/1991,MEL-PER,Economy,6172
1/21/1991,MEL-PER,Economy,3993
1/28/1991,MEL-PER,Economy,5504
2/4/1991,MEL-PER,Economy,4491
2/11/1991,MEL-PER,Economy,4568
2/18/1991,MEL-PER,Economy,4160
2/25/1991,MEL-PER,Economy,3955
3/4/1991,MEL-PER,Economy,3568
3/11/1991,MEL-PER,Economy,4164
3/18/1991,MEL-PER,Economy,4683
3/25/1991,MEL-PER,Economy,4991
4/1/1991,MEL-PER,Economy,4198
4/8/1991,MEL-PER,Economy,4620
4/15/1991,MEL-PER,Economy,4291
4/22/1991,MEL-PER,Economy,4456
4/29/1991,MEL-PER,Economy,4317
5/6/1991,MEL-PER,Economy,3801
5/13/1991,MEL-PER,Economy,3693
5/20/1991,MEL-PER,Economy,3737
5/27/1991,MEL-PER,Economy,3725
6/3/1991,MEL-PER,Economy,4093
6/10/1991,MEL-PER,Economy,3714
6/17/1991,MEL-PER,Economy,3914
6/24/1991,MEL-PER,Economy,4214
7/1/1991,MEL-PER,Economy,4896
7/8/1991,MEL-PER,Economy,5276
7/15/1991,MEL-PER,Economy,5408
7/22/1991,MEL-PER,Economy,5060
7/29/1991,MEL-PER,Economy,4546
8/5/1991,MEL-PER,Economy,5213
8/12/1991,MEL-PER,Economy,5293
8/19/1991,MEL-PER,Economy,5133
8/26/1991,MEL-PER,Economy,5724
9/2/1991,MEL-PER,Economy,5766
9/9/1991,MEL-PER,Economy,5923
9/16/1991,MEL-PER,Economy,6424
9/23/1991,MEL-PER,Economy,8700
9/30/1991,MEL-PER,Economy,7688
10/7/1991,MEL-PER,Economy,6391
10/14/1991,MEL-PER,Economy,6555
10/21/1991,MEL-PER,Economy,6177
10/28/1991,MEL-PER,Economy,5482
11/4/1991,MEL-PER,Economy,5760
11/11/1991,MEL-PER,Economy,5947
11/18/1991,MEL-PER,Economy,5328
11/25/1991,MEL-PER,Economy,5905
12/2/1991,MEL-PER,Economy,6323
12/9/1991,MEL-PER,Economy,6679
12/16/1991,MEL-PER,Economy,7577
12/23/1991,MEL-PER,Economy,9120
12/30/1991,MEL-PER,Economy,8401
1/6/1992,MEL-PER,Economy,8513
1/13/1992,MEL-PER,Economy,8577
1/20/1992,MEL-PER,Economy,7251
1/27/1992,MEL-PER,Economy,6085
2/3/1992,MEL-PER,Economy,4819
2/10/1992,MEL-PER,Economy,4908
2/17/1992,MEL-PER,Economy,5329
2/24/1992,MEL-PER,Economy,5405
3/2/1992,MEL-PER,Economy,5748
3/9/1992,MEL-PER,Economy,5723
3/16/1992,MEL-PER,Economy,5493
3/23/1992,MEL-PER,Economy,4935
3/30/1992,MEL-PER,Economy,4729
4/6/1992,MEL-PER,Economy,6088
4/13/1992,MEL-PER,Economy,5667
4/20/1992,MEL-PER,Economy,5605
4/27/1992,MEL-PER,Economy,5460
5/4/1992,MEL-PER,Economy,4633
5/11/1992,MEL-PER,Economy,4163
5/18/1992,MEL-PER,Economy,4418
5/25/1992,MEL-PER,Economy,4085
6/1/1992,MEL-PER,Economy,4315
6/8/1992,MEL-PER,Economy,3927
6/15/1992,MEL-PER,Economy,3866
6/22/1992,MEL-PER,Economy,4587
6/29/1992,MEL-PER,Economy,6009
7/6/1992,MEL-PER,Economy,5981
7/13/1992,MEL-PER,Economy,6122
7/20/1992,MEL-PER,Economy,5215
7/27/1992,MEL-PER,Economy,4352
8/3/1992,MEL-PER,Economy,4572
8/10/1992,MEL-PER,Economy,5265
8/17/1992,MEL-PER,Economy,5641
8/24/1992,MEL-PER,Economy,5835
8/31/1992,MEL-PER,Economy,5629
9/7/1992,MEL-PER,Economy,6215
9/14/1992,MEL-PER,Economy,6699
9/21/1992,MEL-PER,Economy,8825
9/28/1992,MEL-PER,Economy,9464
10/5/1992,MEL-PER,Economy,6900
10/12/1992,MEL-PER,Economy,6556
10/19/1992,MEL-PER,Economy,6120
10/26/1992,MEL-PER,Economy,5792
11/2/1992,MEL-PER,Economy,5883
11/9/1992,MEL-PER,Economy,5717
11/16/1992,MEL-PER,Economy,5881
11/23/1992,MEL-PER,Economy,6091
6/29/1987,MEL-PER,First,298
7/6/1987,MEL-PER,First,295
7/13/1987,MEL-PER,First,363
7/20/1987,MEL-PER,First,384
7/27/1987,MEL-PER,First,397
8/3/1987,MEL-PER,First,429
8/10/1987,MEL-PER,First,421
8/17/1987,MEL-PER,First,407
8/24/1987,MEL-PER,First,408
8/31/1987,MEL-PER,First,400
9/7/1987,MEL-PER,First,361
9/14/1987,MEL-PER,First,555
9/21/1987,MEL-PER,First,512
9/28/1987,MEL-PER,First,456
10/5/1987,MEL-PER,First,491
10/12/1987,MEL-PER,First,528
10/19/1987,MEL-PER,First,568
10/26/1987,MEL-PER,First,495
11/2/1987,MEL-PER,First,409
11/9/1987,MEL-PER,First,532
11/16/1987,MEL-PER,First,450
11/23/1987,MEL-PER,First,545
11/30/1987,MEL-PER,First,478
12/7/1987,MEL-PER,First,534
12/14/1987,MEL-PER,First,402
12/21/1987,MEL-PER,First,167
12/28/1987,MEL-PER,First,110
1/4/1988,MEL-PER,First,157
1/4/1988,MEL-PER,First,227
1/11/1988,MEL-PER,First,310
1/18/1988,MEL-PER,First,231
1/25/1988,MEL-PER,First,379
2/1/1988,MEL-PER,First,494
2/8/1988,MEL-PER,First,436
2/15/1988,MEL-PER,First,401
2/22/1988,MEL-PER,First,540
2/29/1988,MEL-PER,First,374
3/7/1988,MEL-PER,First,415
3/14/1988,MEL-PER,First,386
3/21/1988,MEL-PER,First,331
3/28/1988,MEL-PER,First,264
4/4/1988,MEL-PER,First,415
4/11/1988,MEL-PER,First,392
4/18/1988,MEL-PER,First,307
4/25/1988,MEL-PER,First,420
5/2/1988,MEL-PER,First,498
5/9/1988,MEL-PER,First,405
5/16/1988,MEL-PER,First,429
5/23/1988,MEL-PER,First,399
5/30/1988,MEL-PER,First,325
6/6/1988,MEL-PER,First,364
6/13/1988,MEL-PER,First,377
6/20/1988,MEL-PER,First,320
6/27/1988,MEL-PER,First,270
7/4/1988,MEL-PER,First,360
7/11/1988,MEL-PER,First,335
7/18/1988,MEL-PER,First,400
7/25/1988,MEL-PER,First,343
8/1/1988,MEL-PER,First,409
8/8/1988,MEL-PER,First,403
8/15/1988,MEL-PER,First,401
8/22/1988,MEL-PER,First,405
8/29/1988,MEL-PER,First,386
9/5/1988,MEL-PER,First,310
9/12/1988,MEL-PER,First,355
9/19/1988,MEL-PER,First,331
9/26/1988,MEL-PER,First,225
10/3/1988,MEL-PER,First,376
10/10/1988,MEL-PER,First,300
10/17/1988,MEL-PER,First,438
10/24/1988,MEL-PER,First,339
10/31/1988,MEL-PER,First,410
11/7/1988,MEL-PER,First,447
11/14/1988,MEL-PER,First,453
11/21/1988,MEL-PER,First,426
11/28/1988,MEL-PER,First,465
12/5/1988,MEL-PER,First,357
12/12/1988,MEL-PER,First,286
12/19/1988,MEL-PER,First,116
12/26/1988,MEL-PER,First,171
1/2/1989,MEL-PER,First,220
1/9/1989,MEL-PER,First,266
1/16/1989,MEL-PER,First,283
1/23/1989,MEL-PER,First,259
1/30/1989,MEL-PER,First,392
2/6/1989,MEL-PER,First,410
2/13/1989,MEL-PER,First,399
2/20/1989,MEL-PER,First,394
2/27/1989,MEL-PER,First,399
3/6/1989,MEL-PER,First,390
3/13/1989,MEL-PER,First,300
3/20/1989,MEL-PER,First,327
3/27/1989,MEL-PER,First,462
4/3/1989,MEL-PER,First,421
4/10/1989,MEL-PER,First,390
4/17/1989,MEL-PER,First,374
4/24/1989,MEL-PER,First,487
5/1/1989,MEL-PER,First,421
5/8/1989,MEL-PER,First,392
5/15/1989,MEL-PER,First,394
5/22/1989,MEL-PER,First,362
5/29/1989,MEL-PER,First,345
6/5/1989,MEL-PER,First,401
6/12/1989,MEL-PER,First,409
6/19/1989,MEL-PER,First,333
6/26/1989,MEL-PER,First,280
7/3/1989,MEL-PER,First,313
7/10/1989,MEL-PER,First,337
7/17/1989,MEL-PER,First,291
7/24/1989,MEL-PER,First,268
7/31/1989,MEL-PER,First,320
8/7/1989,MEL-PER,First,301
8/14/1989,MEL-PER,First,134
8/21/1989,MEL-PER,First,0
8/28/1989,MEL-PER,First,0
9/4/1989,MEL-PER,First,0
9/11/1989,MEL-PER,First,0
9/18/1989,MEL-PER,First,0
9/25/1989,MEL-PER,First,0
10/2/1989,MEL-PER,First,0
10/9/1989,MEL-PER,First,0
10/16/1989,MEL-PER,First,0
10/23/1989,MEL-PER,First,162
10/30/1989,MEL-PER,First,44
11/6/1989,MEL-PER,First,0
11/13/1989,MEL-PER,First,0
11/20/1989,MEL-PER,First,0
11/27/1989,MEL-PER,First,8
12/4/1989,MEL-PER,First,14
12/11/1989,MEL-PER,First,10
12/18/1989,MEL-PER,First,0
12/25/1989,MEL-PER,First,7
1/1/1990,MEL-PER,First,17
1/8/1990,MEL-PER,First,56
1/15/1990,MEL-PER,First,41
1/22/1990,MEL-PER,First,65
1/29/1990,MEL-PER,First,54
2/5/1990,MEL-PER,First,219
2/12/1990,MEL-PER,First,285
2/19/1990,MEL-PER,First,285
2/26/1990,MEL-PER,First,217
3/5/1990,MEL-PER,First,244
3/12/1990,MEL-PER,First,341
3/19/1990,MEL-PER,First,272
3/26/1990,MEL-PER,First,268
4/2/1990,MEL-PER,First,178
4/9/1990,MEL-PER,First,170
4/16/1990,MEL-PER,First,212
4/23/1990,MEL-PER,First,316
4/30/1990,MEL-PER,First,314
5/7/1990,MEL-PER,First,265
5/14/1990,MEL-PER,First,303
5/21/1990,MEL-PER,First,229
5/28/1990,MEL-PER,First,222
6/4/1990,MEL-PER,First,238
6/11/1990,MEL-PER,First,264
6/18/1990,MEL-PER,First,237
6/25/1990,MEL-PER,First,199
7/2/1990,MEL-PER,First,192
7/9/1990,MEL-PER,First,250
7/16/1990,MEL-PER,First,193
7/23/1990,MEL-PER,First,254
7/30/1990,MEL-PER,First,240
8/6/1990,MEL-PER,First,227
8/13/1990,MEL-PER,First,240
8/20/1990,MEL-PER,First,209
8/27/1990,MEL-PER,First,216
9/3/1990,MEL-PER,First,233
9/10/1990,MEL-PER,First,219
9/17/1990,MEL-PER,First,112
9/24/1990,MEL-PER,First,205
10/1/1990,MEL-PER,First,202
10/8/1990,MEL-PER,First,192
10/15/1990,MEL-PER,First,238
10/22/1990,MEL-PER,First,251
10/29/1990,MEL-PER,First,173
11/5/1990,MEL-PER,First,253
11/12/1990,MEL-PER,First,232
11/19/1990,MEL-PER,First,248
11/26/1990,MEL-PER,First,231
12/3/1990,MEL-PER,First,188
12/10/1990,MEL-PER,First,190
12/17/1990,MEL-PER,First,59
12/24/1990,MEL-PER,First,53
1/7/1991,MEL-PER,First,96
1/14/1991,MEL-PER,First,149
1/21/1991,MEL-PER,First,146
1/28/1991,MEL-PER,First,184
2/4/1991,MEL-PER,First,225
2/11/1991,MEL-PER,First,217
2/18/1991,MEL-PER,First,218
2/25/1991,MEL-PER,First,177
3/4/1991,MEL-PER,First,211
3/11/1991,MEL-PER,First,204
3/18/1991,MEL-PER,First,237
3/25/1991,MEL-PER,First,136
4/1/1991,MEL-PER,First,120
4/8/1991,MEL-PER,First,150
4/15/1991,MEL-PER,First,152
4/22/1991,MEL-PER,First,144
4/29/1991,MEL-PER,First,180
5/6/1991,MEL-PER,First,160
5/13/1991,MEL-PER,First,149
5/20/1991,MEL-PER,First,147
5/27/1991,MEL-PER,First,126
6/3/1991,MEL-PER,First,146
6/10/1991,MEL-PER,First,104
6/17/1991,MEL-PER,First,119
6/24/1991,MEL-PER,First,158
7/1/1991,MEL-PER,First,148
7/8/1991,MEL-PER,First,116
7/15/1991,MEL-PER,First,116
7/22/1991,MEL-PER,First,138
7/29/1991,MEL-PER,First,127
8/5/1991,MEL-PER,First,159
8/12/1991,MEL-PER,First,158
8/19/1991,MEL-PER,First,131
8/26/1991,MEL-PER,First,160
9/2/1991,MEL-PER,First,141
9/9/1991,MEL-PER,First,162
9/16/1991,MEL-PER,First,178
9/23/1991,MEL-PER,First,187
9/30/1991,MEL-PER,First,162
10/7/1991,MEL-PER,First,153
10/14/1991,MEL-PER,First,163
10/21/1991,MEL-PER,First,166
10/28/1991,MEL-PER,First,171
11/4/1991,MEL-PER,First,152
11/11/1991,MEL-PER,First,181
11/18/1991,MEL-PER,First,183
11/25/1991,MEL-PER,First,201
12/2/1991,MEL-PER,First,156
12/9/1991,MEL-PER,First,176
12/16/1991,MEL-PER,First,198
12/23/1991,MEL-PER,First,73
12/30/1991,MEL-PER,First,95
1/6/1992,MEL-PER,First,124
1/13/1992,MEL-PER,First,186
1/20/1992,MEL-PER,First,144
1/27/1992,MEL-PER,First,105
2/3/1992,MEL-PER,First,263
2/10/1992,MEL-PER,First,302
2/17/1992,MEL-PER,First,306
2/24/1992,MEL-PER,First,379
3/2/1992,MEL-PER,First,344
3/9/1992,MEL-PER,First,341
3/16/1992,MEL-PER,First,323
3/23/1992,MEL-PER,First,473
3/30/1992,MEL-PER,First,437
4/6/1992,MEL-PER,First,481
4/13/1992,MEL-PER,First,303
4/20/1992,MEL-PER,First,265
4/27/1992,MEL-PER,First,464
5/4/1992,MEL-PER,First,366
5/11/1992,MEL-PER,First,354
5/18/1992,MEL-PER,First,341
5/25/1992,MEL-PER,First,357
6/1/1992,MEL-PER,First,280
6/8/1992,MEL-PER,First,308
6/15/1992,MEL-PER,First,235
6/22/1992,MEL-PER,First,282
6/29/1992,MEL-PER,First,273
7/6/1992,MEL-PER,First,244
7/13/1992,MEL-PER,First,231
7/20/1992,MEL-PER,First,256
7/27/1992,MEL-PER,First,217
8/3/1992,MEL-PER,First,207
8/10/1992,MEL-PER,First,218
8/17/1992,MEL-PER,First,241
8/24/1992,MEL-PER,First,290
8/31/1992,MEL-PER,First,273
9/7/1992,MEL-PER,First,270
9/14/1992,MEL-PER,First,270
9/21/1992,MEL-PER,First,317
9/28/1992,MEL-PER,First,257
10/5/1992,MEL-PER,First,243
10/12/1992,MEL-PER,First,242
10/19/1992,MEL-PER,First,274
10/26/1992,MEL-PER,First,278
11/2/1992,MEL-PER,First,266
11/9/1992,MEL-PER,First,197
11/16/1992,MEL-PER,First,252
11/23/1992,MEL-PER,First,292
7/10/1989,MEL-SYD,Business,1524
7/17/1989,MEL-SYD,Business,2212
7/24/1989,MEL-SYD,Business,1777
7/31/1989,MEL-SYD,Business,2552
8/7/1989,MEL-SYD,Business,1889
8/14/1989,MEL-SYD,Business,851
8/21/1989,MEL-SYD,Business,0
8/28/1989,MEL-SYD,Business,0
9/4/1989,MEL-SYD,Business,0
9/11/1989,MEL-SYD,Business,0
9/18/1989,MEL-SYD,Business,0
9/25/1989,MEL-SYD,Business,0
10/2/1989,MEL-SYD,Business,0
10/9/1989,MEL-SYD,Business,618
10/16/1989,MEL-SYD,Business,565
10/23/1989,MEL-SYD,Business,414
10/30/1989,MEL-SYD,Business,543
11/6/1989,MEL-SYD,Business,712
11/13/1989,MEL-SYD,Business,652
11/20/1989,MEL-SYD,Business,709
11/27/1989,MEL-SYD,Business,793
12/4/1989,MEL-SYD,Business,838
12/11/1989,MEL-SYD,Business,763
12/18/1989,MEL-SYD,Business,266
12/25/1989,MEL-SYD,Business,362
1/1/1990,MEL-SYD,Business,665
1/8/1990,MEL-SYD,Business,957
1/15/1990,MEL-SYD,Business,1145
1/22/1990,MEL-SYD,Business,1312
1/29/1990,MEL-SYD,Business,1689
2/5/1990,MEL-SYD,Business,1762
2/12/1990,MEL-SYD,Business,2160
2/19/1990,MEL-SYD,Business,1877
2/26/1990,MEL-SYD,Business,2048
3/5/1990,MEL-SYD,Business,1824
3/12/1990,MEL-SYD,Business,1986
3/19/1990,MEL-SYD,Business,2032
3/26/1990,MEL-SYD,Business,1956
4/2/1990,MEL-SYD,Business,1503
4/9/1990,MEL-SYD,Business,1256
4/16/1990,MEL-SYD,Business,1752
4/23/1990,MEL-SYD,Business,1878
4/30/1990,MEL-SYD,Business,1945
5/7/1990,MEL-SYD,Business,1735
5/14/1990,MEL-SYD,Business,1825
5/21/1990,MEL-SYD,Business,1715
5/28/1990,MEL-SYD,Business,1594
6/4/1990,MEL-SYD,Business,1377
6/11/1990,MEL-SYD,Business,1686
6/18/1990,MEL-SYD,Business,1560
6/25/1990,MEL-SYD,Business,1692
7/2/1990,MEL-SYD,Business,1597
7/9/1990,MEL-SYD,Business,1729
7/16/1990,MEL-SYD,Business,1733
7/23/1990,MEL-SYD,Business,1813
7/30/1990,MEL-SYD,Business,1725
8/6/1990,MEL-SYD,Business,1909
8/13/1990,MEL-SYD,Business,1765
8/20/1990,MEL-SYD,Business,1781
8/27/1990,MEL-SYD,Business,1717
9/3/1990,MEL-SYD,Business,1884
9/10/1990,MEL-SYD,Business,1881
9/17/1990,MEL-SYD,Business,1433
9/24/1990,MEL-SYD,Business,1534
10/1/1990,MEL-SYD,Business,1926
10/8/1990,MEL-SYD,Business,1870
10/15/1990,MEL-SYD,Business,1942
10/22/1990,MEL-SYD,Business,2222
10/29/1990,MEL-SYD,Business,1909
11/5/1990,MEL-SYD,Business,2089
11/12/1990,MEL-SYD,Business,2026
11/19/1990,MEL-SYD,Business,2009
11/26/1990,MEL-SYD,Business,2034
12/3/1990,MEL-SYD,Business,2085
12/10/1990,MEL-SYD,Business,1330
12/17/1990,MEL-SYD,Business,318
12/24/1990,MEL-SYD,Business,522
1/7/1991,MEL-SYD,Business,824
1/14/1991,MEL-SYD,Business,1113
1/21/1991,MEL-SYD,Business,1285
1/28/1991,MEL-SYD,Business,1107
2/4/1991,MEL-SYD,Business,1591
2/11/1991,MEL-SYD,Business,1726
2/18/1991,MEL-SYD,Business,1758
2/25/1991,MEL-SYD,Business,1883
3/4/1991,MEL-SYD,Business,2089
3/11/1991,MEL-SYD,Business,2198
3/18/1991,MEL-SYD,Business,2449
3/25/1991,MEL-SYD,Business,1739
4/1/1991,MEL-SYD,Business,1480
4/8/1991,MEL-SYD,Business,2152
4/15/1991,MEL-SYD,Business,2258
4/22/1991,MEL-SYD,Business,1776
4/29/1991,MEL-SYD,Business,2355
5/6/1991,MEL-SYD,Business,2140
5/13/1991,MEL-SYD,Business,1988
5/20/1991,MEL-SYD,Business,2083
5/27/1991,MEL-SYD,Business,2115
6/3/1991,MEL-SYD,Business,1884
6/10/1991,MEL-SYD,Business,1797
6/17/1991,MEL-SYD,Business,1944
6/24/1991,MEL-SYD,Business,2001
7/1/1991,MEL-SYD,Business,1668
7/8/1991,MEL-SYD,Business,1527
7/15/1991,MEL-SYD,Business,1477
7/22/1991,MEL-SYD,Business,1949
7/29/1991,MEL-SYD,Business,1914
8/5/1991,MEL-SYD,Business,1632
8/12/1991,MEL-SYD,Business,1796
8/19/1991,MEL-SYD,Business,1696
8/26/1991,MEL-SYD,Business,1718
9/2/1991,MEL-SYD,Business,1442
9/9/1991,MEL-SYD,Business,1713
9/16/1991,MEL-SYD,Business,1796
9/23/1991,MEL-SYD,Business,1860
9/30/1991,MEL-SYD,Business,1554
10/7/1991,MEL-SYD,Business,1623
10/14/1991,MEL-SYD,Business,1641
10/21/1991,MEL-SYD,Business,1818
10/28/1991,MEL-SYD,Business,1969
11/4/1991,MEL-SYD,Business,1886
11/11/1991,MEL-SYD,Business,2030
11/18/1991,MEL-SYD,Business,1883
11/25/1991,MEL-SYD,Business,1871
12/2/1991,MEL-SYD,Business,1910
12/9/1991,MEL-SYD,Business,1921
12/16/1991,MEL-SYD,Business,1672
12/23/1991,MEL-SYD,Business,386
12/30/1991,MEL-SYD,Business,446
1/6/1992,MEL-SYD,Business,819
1/13/1992,MEL-SYD,Business,1238
1/20/1992,MEL-SYD,Business,1761
1/27/1992,MEL-SYD,Business,1650
2/3/1992,MEL-SYD,Business,2031
2/10/1992,MEL-SYD,Business,2064
2/17/1992,MEL-SYD,Business,2418
2/24/1992,MEL-SYD,Business,2171
3/2/1992,MEL-SYD,Business,2362
3/9/1992,MEL-SYD,Business,2328
3/16/1992,MEL-SYD,Business,2336
3/23/1992,MEL-SYD,Business,10301
3/30/1992,MEL-SYD,Business,9964
4/6/1992,MEL-SYD,Business,10433
4/13/1992,MEL-SYD,Business,8281
4/20/1992,MEL-SYD,Business,6128
4/27/1992,MEL-SYD,Business,9709
5/4/1992,MEL-SYD,Business,8828
5/11/1992,MEL-SYD,Business,8078
5/18/1992,MEL-SYD,Business,7527
5/25/1992,MEL-SYD,Business,7486
6/1/1992,MEL-SYD,Business,6711
6/8/1992,MEL-SYD,Business,5930
6/15/1992,MEL-SYD,Business,5462
6/22/1992,MEL-SYD,Business,3710
6/29/1992,MEL-SYD,Business,2894
7/6/1992,MEL-SYD,Business,3008
7/13/1992,MEL-SYD,Business,2829
7/20/1992,MEL-SYD,Business,3252
7/27/1992,MEL-SYD,Business,3021
8/3/1992,MEL-SYD,Business,2667
8/10/1992,MEL-SYD,Business,2740
8/17/1992,MEL-SYD,Business,2807
8/24/1992,MEL-SYD,Business,2961
8/31/1992,MEL-SYD,Business,2570
9/7/1992,MEL-SYD,Business,2671
9/14/1992,MEL-SYD,Business,2809
9/21/1992,MEL-SYD,Business,2712
9/28/1992,MEL-SYD,Business,2606
10/5/1992,MEL-SYD,Business,2500
10/12/1992,MEL-SYD,Business,2898
10/19/1992,MEL-SYD,Business,3152
10/26/1992,MEL-SYD,Business,3053
11/2/1992,MEL-SYD,Business,2745
11/9/1992,MEL-SYD,Business,3156
11/16/1992,MEL-SYD,Business,3069
11/23/1992,MEL-SYD,Business,3379
6/29/1987,MEL-SYD,Economy,20167
7/6/1987,MEL-SYD,Economy,20161
7/13/1987,MEL-SYD,Economy,19993
7/20/1987,MEL-SYD,Economy,20986
7/27/1987,MEL-SYD,Economy,20497
8/3/1987,MEL-SYD,Economy,20770
8/10/1987,MEL-SYD,Economy,21111
8/17/1987,MEL-SYD,Economy,20675
8/24/1987,MEL-SYD,Economy,22092
8/31/1987,MEL-SYD,Economy,20772
9/7/1987,MEL-SYD,Economy,21642
9/14/1987,MEL-SYD,Economy,21911
9/28/1987,MEL-SYD,Economy,23777
10/5/1987,MEL-SYD,Economy,22658
10/12/1987,MEL-SYD,Economy,23515
10/19/1987,MEL-SYD,Economy,21384
10/26/1987,MEL-SYD,Economy,24344
11/2/1987,MEL-SYD,Economy,21137
11/9/1987,MEL-SYD,Economy,23069
11/16/1987,MEL-SYD,Economy,23664
11/23/1987,MEL-SYD,Economy,23219
11/30/1987,MEL-SYD,Economy,23192
12/7/1987,MEL-SYD,Economy,23475
12/14/1987,MEL-SYD,Economy,22377
12/21/1987,MEL-SYD,Economy,16606
12/28/1987,MEL-SYD,Economy,13987
1/4/1988,MEL-SYD,Economy,16251
1/4/1988,MEL-SYD,Economy,18439
1/11/1988,MEL-SYD,Economy,20262
1/18/1988,MEL-SYD,Economy,19535
1/25/1988,MEL-SYD,Economy,22467
2/1/1988,MEL-SYD,Economy,24559
2/8/1988,MEL-SYD,Economy,24591
2/15/1988,MEL-SYD,Economy,24511
2/22/1988,MEL-SYD,Economy,24524
2/29/1988,MEL-SYD,Economy,23119
3/7/1988,MEL-SYD,Economy,23106
3/14/1988,MEL-SYD,Economy,23292
3/21/1988,MEL-SYD,Economy,21566
3/28/1988,MEL-SYD,Economy,18565
4/4/1988,MEL-SYD,Economy,24361
4/11/1988,MEL-SYD,Economy,22983
4/18/1988,MEL-SYD,Economy,21062
4/25/1988,MEL-SYD,Economy,21766
5/2/1988,MEL-SYD,Economy,22285
5/9/1988,MEL-SYD,Economy,22867
5/16/1988,MEL-SYD,Economy,23276
5/23/1988,MEL-SYD,Economy,20924
5/30/1988,MEL-SYD,Economy,21716
6/6/1988,MEL-SYD,Economy,20908
6/13/1988,MEL-SYD,Economy,21410
6/20/1988,MEL-SYD,Economy,21361
6/27/1988,MEL-SYD,Economy,22412
7/4/1988,MEL-SYD,Economy,21290
7/11/1988,MEL-SYD,Economy,22247
7/18/1988,MEL-SYD,Economy,22445
7/25/1988,MEL-SYD,Economy,21260
8/1/1988,MEL-SYD,Economy,22771
8/8/1988,MEL-SYD,Economy,23723
8/15/1988,MEL-SYD,Economy,23757
8/22/1988,MEL-SYD,Economy,23482
8/29/1988,MEL-SYD,Economy,23653
9/5/1988,MEL-SYD,Economy,26054
9/12/1988,MEL-SYD,Economy,25695
9/19/1988,MEL-SYD,Economy,26720
9/26/1988,MEL-SYD,Economy,15033
10/3/1988,MEL-SYD,Economy,22340
10/10/1988,MEL-SYD,Economy,19297
10/17/1988,MEL-SYD,Economy,23761
10/24/1988,MEL-SYD,Economy,22150
10/31/1988,MEL-SYD,Economy,22236
11/7/1988,MEL-SYD,Economy,23157
11/14/1988,MEL-SYD,Economy,24387
11/21/1988,MEL-SYD,Economy,23844
11/28/1988,MEL-SYD,Economy,23681
12/5/1988,MEL-SYD,Economy,24456
12/12/1988,MEL-SYD,Economy,19899
12/19/1988,MEL-SYD,Economy,13662
12/26/1988,MEL-SYD,Economy,15698
1/2/1989,MEL-SYD,Economy,18189
1/9/1989,MEL-SYD,Economy,19448
1/16/1989,MEL-SYD,Economy,20891
1/23/1989,MEL-SYD,Economy,22284
1/30/1989,MEL-SYD,Economy,23247
2/6/1989,MEL-SYD,Economy,24440
2/13/1989,MEL-SYD,Economy,22519
2/20/1989,MEL-SYD,Economy,22818
2/27/1989,MEL-SYD,Economy,23472
3/6/1989,MEL-SYD,Economy,24117
3/13/1989,MEL-SYD,Economy,24435
3/20/1989,MEL-SYD,Economy,20589
3/27/1989,MEL-SYD,Economy,23427
4/3/1989,MEL-SYD,Economy,20923
4/10/1989,MEL-SYD,Economy,22959
4/17/1989,MEL-SYD,Economy,19152
4/24/1989,MEL-SYD,Economy,22011
5/1/1989,MEL-SYD,Economy,20228
5/8/1989,MEL-SYD,Economy,21332
5/15/1989,MEL-SYD,Economy,20500
5/22/1989,MEL-SYD,Economy,19090
5/29/1989,MEL-SYD,Economy,21692
6/5/1989,MEL-SYD,Economy,20157
6/12/1989,MEL-SYD,Economy,22231
6/19/1989,MEL-SYD,Economy,20914
6/26/1989,MEL-SYD,Economy,21454
7/3/1989,MEL-SYD,Economy,21345
7/10/1989,MEL-SYD,Economy,19260
7/17/1989,MEL-SYD,Economy,18781
7/24/1989,MEL-SYD,Economy,17445
7/31/1989,MEL-SYD,Economy,19628
8/7/1989,MEL-SYD,Economy,17692
8/14/1989,MEL-SYD,Economy,7046
8/21/1989,MEL-SYD,Economy,0
8/28/1989,MEL-SYD,Economy,0
9/4/1989,MEL-SYD,Economy,0
9/11/1989,MEL-SYD,Economy,0
9/18/1989,MEL-SYD,Economy,0
9/25/1989,MEL-SYD,Economy,0
10/2/1989,MEL-SYD,Economy,0
10/9/1989,MEL-SYD,Economy,11569
10/16/1989,MEL-SYD,Economy,11973
10/23/1989,MEL-SYD,Economy,11123
10/30/1989,MEL-SYD,Economy,11479
11/6/1989,MEL-SYD,Economy,16969
11/13/1989,MEL-SYD,Economy,15997
11/20/1989,MEL-SYD,Economy,16555
11/27/1989,MEL-SYD,Economy,17959
12/4/1989,MEL-SYD,Economy,18868
12/11/1989,MEL-SYD,Economy,15400
12/18/1989,MEL-SYD,Economy,10544
12/25/1989,MEL-SYD,Economy,12755
1/1/1990,MEL-SYD,Economy,19020
1/8/1990,MEL-SYD,Economy,20077
1/15/1990,MEL-SYD,Economy,22124
1/22/1990,MEL-SYD,Economy,19920
1/29/1990,MEL-SYD,Economy,17215
2/5/1990,MEL-SYD,Economy,17662
2/12/1990,MEL-SYD,Economy,19828
2/19/1990,MEL-SYD,Economy,18754
2/26/1990,MEL-SYD,Economy,20390
3/5/1990,MEL-SYD,Economy,18383
3/12/1990,MEL-SYD,Economy,19377
3/19/1990,MEL-SYD,Economy,20133
3/26/1990,MEL-SYD,Economy,19210
4/2/1990,MEL-SYD,Economy,20736
4/9/1990,MEL-SYD,Economy,18821
4/16/1990,MEL-SYD,Economy,20952
4/23/1990,MEL-SYD,Economy,20565
4/30/1990,MEL-SYD,Economy,20311
5/7/1990,MEL-SYD,Economy,17859
5/14/1990,MEL-SYD,Economy,19385
5/21/1990,MEL-SYD,Economy,17962
5/28/1990,MEL-SYD,Economy,19569
6/4/1990,MEL-SYD,Economy,17894
6/11/1990,MEL-SYD,Economy,18114
6/18/1990,MEL-SYD,Economy,19170
6/25/1990,MEL-SYD,Economy,18713
7/2/1990,MEL-SYD,Economy,20520
7/9/1990,MEL-SYD,Economy,20345
7/16/1990,MEL-SYD,Economy,20015
7/23/1990,MEL-SYD,Economy,18027
7/30/1990,MEL-SYD,Economy,19697
8/6/1990,MEL-SYD,Economy,19897
8/13/1990,MEL-SYD,Economy,19213
8/20/1990,MEL-SYD,Economy,19773
8/27/1990,MEL-SYD,Economy,20128
9/3/1990,MEL-SYD,Economy,21181
9/10/1990,MEL-SYD,Economy,21933
9/17/1990,MEL-SYD,Economy,20049
9/24/1990,MEL-SYD,Economy,23358
10/1/1990,MEL-SYD,Economy,21120
10/8/1990,MEL-SYD,Economy,21970
10/15/1990,MEL-SYD,Economy,21411
10/22/1990,MEL-SYD,Economy,22569
10/29/1990,MEL-SYD,Economy,20849
11/5/1990,MEL-SYD,Economy,20658
11/12/1990,MEL-SYD,Economy,21192
11/19/1990,MEL-SYD,Economy,21502
11/26/1990,MEL-SYD,Economy,22152
12/3/1990,MEL-SYD,Economy,21904
12/10/1990,MEL-SYD,Economy,20634
12/17/1990,MEL-SYD,Economy,15535
12/24/1990,MEL-SYD,Economy,16690
1/7/1991,MEL-SYD,Economy,19150
1/14/1991,MEL-SYD,Economy,21128
1/21/1991,MEL-SYD,Economy,21136
1/28/1991,MEL-SYD,Economy,19693
2/4/1991,MEL-SYD,Economy,21576
2/11/1991,MEL-SYD,Economy,21449
2/18/1991,MEL-SYD,Economy,22298
2/25/1991,MEL-SYD,Economy,21056
3/4/1991,MEL-SYD,Economy,19014
3/11/1991,MEL-SYD,Economy,19511
3/18/1991,MEL-SYD,Economy,20162
3/25/1991,MEL-SYD,Economy,21158
4/1/1991,MEL-SYD,Economy,19059
4/8/1991,MEL-SYD,Economy,21972
4/15/1991,MEL-SYD,Economy,22877
4/22/1991,MEL-SYD,Economy,22190
4/29/1991,MEL-SYD,Economy,22533
5/6/1991,MEL-SYD,Economy,20682
5/13/1991,MEL-SYD,Economy,21788
5/20/1991,MEL-SYD,Economy,21299
5/27/1991,MEL-SYD,Economy,20663
6/3/1991,MEL-SYD,Economy,21948
6/10/1991,MEL-SYD,Economy,21009
6/17/1991,MEL-SYD,Economy,20443
6/24/1991,MEL-SYD,Economy,21418
7/1/1991,MEL-SYD,Economy,23273
7/8/1991,MEL-SYD,Economy,25763
7/15/1991,MEL-SYD,Economy,26045
7/22/1991,MEL-SYD,Economy,23831
7/29/1991,MEL-SYD,Economy,22742
8/5/1991,MEL-SYD,Economy,22962
8/12/1991,MEL-SYD,Economy,25253
8/19/1991,MEL-SYD,Economy,25239
8/26/1991,MEL-SYD,Economy,27387
9/2/1991,MEL-SYD,Economy,26824
9/9/1991,MEL-SYD,Economy,27294
9/16/1991,MEL-SYD,Economy,28935
9/23/1991,MEL-SYD,Economy,31642
9/30/1991,MEL-SYD,Economy,32468
10/7/1991,MEL-SYD,Economy,27673
10/14/1991,MEL-SYD,Economy,28890
10/21/1991,MEL-SYD,Economy,26465
10/28/1991,MEL-SYD,Economy,28296
11/4/1991,MEL-SYD,Economy,29274
11/11/1991,MEL-SYD,Economy,30686
11/18/1991,MEL-SYD,Economy,29786
11/25/1991,MEL-SYD,Economy,31155
12/2/1991,MEL-SYD,Economy,28459
12/9/1991,MEL-SYD,Economy,27195
12/16/1991,MEL-SYD,Economy,26274
12/23/1991,MEL-SYD,Economy,25204
12/30/1991,MEL-SYD,Economy,24434
1/6/1992,MEL-SYD,Economy,27323
1/13/1992,MEL-SYD,Economy,27303
1/20/1992,MEL-SYD,Economy,30334
1/27/1992,MEL-SYD,Economy,26833
2/3/1992,MEL-SYD,Economy,25811
2/10/1992,MEL-SYD,Economy,27238
2/17/1992,MEL-SYD,Economy,28788
2/24/1992,MEL-SYD,Economy,27263
3/2/1992,MEL-SYD,Economy,27217
3/9/1992,MEL-SYD,Economy,26410
3/16/1992,MEL-SYD,Economy,26118
3/23/1992,MEL-SYD,Economy,18642
3/30/1992,MEL-SYD,Economy,16518
4/6/1992,MEL-SYD,Economy,17276
4/13/1992,MEL-SYD,Economy,21662
4/20/1992,MEL-SYD,Economy,20473
4/27/1992,MEL-SYD,Economy,18336
5/4/1992,MEL-SYD,Economy,17018
5/11/1992,MEL-SYD,Economy,18111
5/18/1992,MEL-SYD,Economy,18410
5/25/1992,MEL-SYD,Economy,20541
6/1/1992,MEL-SYD,Economy,21408
6/8/1992,MEL-SYD,Economy,21545
6/15/1992,MEL-SYD,Economy,21732
6/22/1992,MEL-SYD,Economy,26173
6/29/1992,MEL-SYD,Economy,27432
7/6/1992,MEL-SYD,Economy,28362
7/13/1992,MEL-SYD,Economy,29827
7/20/1992,MEL-SYD,Economy,29870
7/27/1992,MEL-SYD,Economy,26534
8/3/1992,MEL-SYD,Economy,26434
8/10/1992,MEL-SYD,Economy,26137
8/17/1992,MEL-SYD,Economy,27365
8/24/1992,MEL-SYD,Economy,27910
8/31/1992,MEL-SYD,Economy,26311
9/7/1992,MEL-SYD,Economy,27538
9/14/1992,MEL-SYD,Economy,29445
9/21/1992,MEL-SYD,Economy,28326
9/28/1992,MEL-SYD,Economy,30203
10/5/1992,MEL-SYD,Economy,27838
10/12/1992,MEL-SYD,Economy,27760
10/19/1992,MEL-SYD,Economy,27322
10/26/1992,MEL-SYD,Economy,28837
11/2/1992,MEL-SYD,Economy,26548
11/9/1992,MEL-SYD,Economy,27279
11/16/1992,MEL-SYD,Economy,27306
11/23/1992,MEL-SYD,Economy,28299
6/29/1987,MEL-SYD,First,1912
7/6/1987,MEL-SYD,First,1848
7/13/1987,MEL-SYD,First,1856
7/20/1987,MEL-SYD,First,2142
7/27/1987,MEL-SYD,First,2118
8/3/1987,MEL-SYD,First,2048
8/10/1987,MEL-SYD,First,2111
8/17/1987,MEL-SYD,First,2199
8/24/1987,MEL-SYD,First,2231
8/31/1987,MEL-SYD,First,2081
9/7/1987,MEL-SYD,First,2213
9/14/1987,MEL-SYD,First,2131
9/28/1987,MEL-SYD,First,2131
10/5/1987,MEL-SYD,First,2034
10/12/1987,MEL-SYD,First,2190
10/19/1987,MEL-SYD,First,2262
10/26/1987,MEL-SYD,First,2579
11/2/1987,MEL-SYD,First,2367
11/9/1987,MEL-SYD,First,2432
11/16/1987,MEL-SYD,First,2640
11/23/1987,MEL-SYD,First,2614
11/30/1987,MEL-SYD,First,2569
12/7/1987,MEL-SYD,First,2523
12/14/1987,MEL-SYD,First,2260
12/21/1987,MEL-SYD,First,1117
12/28/1987,MEL-SYD,First,590
1/4/1988,MEL-SYD,First,966
1/4/1988,MEL-SYD,First,1235
1/11/1988,MEL-SYD,First,2001
1/18/1988,MEL-SYD,First,1696
1/25/1988,MEL-SYD,First,2089
2/1/1988,MEL-SYD,First,2716
2/8/1988,MEL-SYD,First,2483
2/15/1988,MEL-SYD,First,2461
2/22/1988,MEL-SYD,First,2533
2/29/1988,MEL-SYD,First,2273
3/7/1988,MEL-SYD,First,2273
3/14/1988,MEL-SYD,First,2370
3/21/1988,MEL-SYD,First,1782
3/28/1988,MEL-SYD,First,1385
4/4/1988,MEL-SYD,First,2322
4/11/1988,MEL-SYD,First,2340
4/18/1988,MEL-SYD,First,2203
4/25/1988,MEL-SYD,First,2300
5/2/1988,MEL-SYD,First,2125
5/9/1988,MEL-SYD,First,2345
5/16/1988,MEL-SYD,First,2224
5/23/1988,MEL-SYD,First,1952
5/30/1988,MEL-SYD,First,2212
6/6/1988,MEL-SYD,First,2028
6/13/1988,MEL-SYD,First,1906
6/20/1988,MEL-SYD,First,1834
6/27/1988,MEL-SYD,First,1797
7/4/1988,MEL-SYD,First,1869
7/11/1988,MEL-SYD,First,1886
7/18/1988,MEL-SYD,First,2131
7/25/1988,MEL-SYD,First,2021
8/1/1988,MEL-SYD,First,2199
8/8/1988,MEL-SYD,First,2140
8/15/1988,MEL-SYD,First,2190
8/22/1988,MEL-SYD,First,1917
8/29/1988,MEL-SYD,First,2096
9/5/1988,MEL-SYD,First,2254
9/12/1988,MEL-SYD,First,2251
9/19/1988,MEL-SYD,First,2072
9/26/1988,MEL-SYD,First,993
10/3/1988,MEL-SYD,First,1675
10/10/1988,MEL-SYD,First,1463
10/17/1988,MEL-SYD,First,2256
10/24/1988,MEL-SYD,First,2216
10/31/1988,MEL-SYD,First,2218
11/7/1988,MEL-SYD,First,2568
11/14/1988,MEL-SYD,First,2483
11/21/1988,MEL-SYD,First,2545
11/28/1988,MEL-SYD,First,2599
12/5/1988,MEL-SYD,First,2483
12/12/1988,MEL-SYD,First,1793
12/19/1988,MEL-SYD,First,516
12/26/1988,MEL-SYD,First,873
1/2/1989,MEL-SYD,First,1195
1/9/1989,MEL-SYD,First,1525
1/16/1989,MEL-SYD,First,1906
1/23/1989,MEL-SYD,First,2246
1/30/1989,MEL-SYD,First,2247
2/6/1989,MEL-SYD,First,2316
2/13/1989,MEL-SYD,First,2276
2/20/1989,MEL-SYD,First,2403
2/27/1989,MEL-SYD,First,2432
3/6/1989,MEL-SYD,First,2490
3/13/1989,MEL-SYD,First,2013
3/20/1989,MEL-SYD,First,1508
3/27/1989,MEL-SYD,First,2251
4/3/1989,MEL-SYD,First,2079
4/10/1989,MEL-SYD,First,2210
4/17/1989,MEL-SYD,First,1960
4/24/1989,MEL-SYD,First,2251
5/1/1989,MEL-SYD,First,2013
5/8/1989,MEL-SYD,First,2252
5/15/1989,MEL-SYD,First,2067
5/22/1989,MEL-SYD,First,1831
5/29/1989,MEL-SYD,First,2069
6/5/1989,MEL-SYD,First,1953
6/12/1989,MEL-SYD,First,2199
6/19/1989,MEL-SYD,First,1771
6/26/1989,MEL-SYD,First,1696
7/3/1989,MEL-SYD,First,1788
7/10/1989,MEL-SYD,First,1636
7/17/1989,MEL-SYD,First,1741
7/24/1989,MEL-SYD,First,1597
7/31/1989,MEL-SYD,First,1943
8/7/1989,MEL-SYD,First,1660
8/14/1989,MEL-SYD,First,616
8/21/1989,MEL-SYD,First,0
8/28/1989,MEL-SYD,First,0
9/4/1989,MEL-SYD,First,0
9/11/1989,MEL-SYD,First,0
9/18/1989,MEL-SYD,First,0
9/25/1989,MEL-SYD,First,0
10/2/1989,MEL-SYD,First,0
10/9/1989,MEL-SYD,First,53
10/16/1989,MEL-SYD,First,40
10/23/1989,MEL-SYD,First,354
10/30/1989,MEL-SYD,First,505
11/6/1989,MEL-SYD,First,711
11/13/1989,MEL-SYD,First,723
11/20/1989,MEL-SYD,First,796
11/27/1989,MEL-SYD,First,856
12/4/1989,MEL-SYD,First,845
12/11/1989,MEL-SYD,First,807
12/18/1989,MEL-SYD,First,276
12/25/1989,MEL-SYD,First,339
1/1/1990,MEL-SYD,First,581
1/8/1990,MEL-SYD,First,894
1/15/1990,MEL-SYD,First,936
1/22/1990,MEL-SYD,First,1111
1/29/1990,MEL-SYD,First,1446
2/5/1990,MEL-SYD,First,1517
2/12/1990,MEL-SYD,First,1513
2/19/1990,MEL-SYD,First,1508
2/26/1990,MEL-SYD,First,1636
3/5/1990,MEL-SYD,First,1380
3/12/1990,MEL-SYD,First,1453
3/19/1990,MEL-SYD,First,1459
3/26/1990,MEL-SYD,First,1538
4/2/1990,MEL-SYD,First,1327
4/9/1990,MEL-SYD,First,1027
4/16/1990,MEL-SYD,First,1365
4/23/1990,MEL-SYD,First,1475
4/30/1990,MEL-SYD,First,1365
5/7/1990,MEL-SYD,First,1351
5/14/1990,MEL-SYD,First,1231
5/21/1990,MEL-SYD,First,1447
5/28/1990,MEL-SYD,First,1408
6/4/1990,MEL-SYD,First,1089
6/11/1990,MEL-SYD,First,1357
6/18/1990,MEL-SYD,First,1287
6/25/1990,MEL-SYD,First,1087
7/2/1990,MEL-SYD,First,1017
7/9/1990,MEL-SYD,First,1090
7/16/1990,MEL-SYD,First,1343
7/23/1990,MEL-SYD,First,1164
7/30/1990,MEL-SYD,First,1169
8/6/1990,MEL-SYD,First,1465
8/13/1990,MEL-SYD,First,1242
8/20/1990,MEL-SYD,First,1220
8/27/1990,MEL-SYD,First,1231
9/3/1990,MEL-SYD,First,1266
9/10/1990,MEL-SYD,First,1337
9/17/1990,MEL-SYD,First,1079
9/24/1990,MEL-SYD,First,1223
10/1/1990,MEL-SYD,First,1351
10/8/1990,MEL-SYD,First,1269
10/15/1990,MEL-SYD,First,1382
10/22/1990,MEL-SYD,First,1435
10/29/1990,MEL-SYD,First,1371
11/5/1990,MEL-SYD,First,1341
11/12/1990,MEL-SYD,First,1399
11/19/1990,MEL-SYD,First,1440
11/26/1990,MEL-SYD,First,1236
12/3/1990,MEL-SYD,First,1441
12/10/1990,MEL-SYD,First,988
12/17/1990,MEL-SYD,First,300
12/24/1990,MEL-SYD,First,401
1/7/1991,MEL-SYD,First,529
1/14/1991,MEL-SYD,First,786
1/21/1991,MEL-SYD,First,1086
1/28/1991,MEL-SYD,First,725
2/4/1991,MEL-SYD,First,1127
2/11/1991,MEL-SYD,First,1146
2/18/1991,MEL-SYD,First,1086
2/25/1991,MEL-SYD,First,1134
3/4/1991,MEL-SYD,First,1020
3/11/1991,MEL-SYD,First,1022
3/18/1991,MEL-SYD,First,1224
3/25/1991,MEL-SYD,First,895
4/1/1991,MEL-SYD,First,658
4/8/1991,MEL-SYD,First,977
4/15/1991,MEL-SYD,First,916
4/22/1991,MEL-SYD,First,830
4/29/1991,MEL-SYD,First,990
5/6/1991,MEL-SYD,First,770
5/13/1991,MEL-SYD,First,801
5/20/1991,MEL-SYD,First,839
5/27/1991,MEL-SYD,First,835
6/3/1991,MEL-SYD,First,802
6/10/1991,MEL-SYD,First,763
6/17/1991,MEL-SYD,First,770
6/24/1991,MEL-SYD,First,838
7/1/1991,MEL-SYD,First,742
7/8/1991,MEL-SYD,First,793
7/15/1991,MEL-SYD,First,900
7/22/1991,MEL-SYD,First,960
7/29/1991,MEL-SYD,First,800
8/5/1991,MEL-SYD,First,807
8/12/1991,MEL-SYD,First,841
8/19/1991,MEL-SYD,First,880
8/26/1991,MEL-SYD,First,818
9/2/1991,MEL-SYD,First,817
9/9/1991,MEL-SYD,First,819
9/16/1991,MEL-SYD,First,998
9/23/1991,MEL-SYD,First,1220
9/30/1991,MEL-SYD,First,966
10/7/1991,MEL-SYD,First,895
10/14/1991,MEL-SYD,First,978
10/21/1991,MEL-SYD,First,913
10/28/1991,MEL-SYD,First,947
11/4/1991,MEL-SYD,First,1002
11/11/1991,MEL-SYD,First,1081
11/18/1991,MEL-SYD,First,977
11/25/1991,MEL-SYD,First,1027
12/2/1991,MEL-SYD,First,895
12/9/1991,MEL-SYD,First,900
12/16/1991,MEL-SYD,First,762
12/23/1991,MEL-SYD,First,329
12/30/1991,MEL-SYD,First,351
1/6/1992,MEL-SYD,First,419
1/13/1992,MEL-SYD,First,618
1/20/1992,MEL-SYD,First,845
1/27/1992,MEL-SYD,First,727
2/3/1992,MEL-SYD,First,1200
2/10/1992,MEL-SYD,First,1801
2/17/1992,MEL-SYD,First,1727
2/24/1992,MEL-SYD,First,1992
3/2/1992,MEL-SYD,First,1865
3/9/1992,MEL-SYD,First,1801
3/16/1992,MEL-SYD,First,1661
3/23/1992,MEL-SYD,First,2366
3/30/1992,MEL-SYD,First,2003
4/6/1992,MEL-SYD,First,2092
4/13/1992,MEL-SYD,First,1703
4/20/1992,MEL-SYD,First,1337
4/27/1992,MEL-SYD,First,1985
5/4/1992,MEL-SYD,First,1808
5/11/1992,MEL-SYD,First,1839
5/18/1992,MEL-SYD,First,1714
5/25/1992,MEL-SYD,First,1730
6/1/1992,MEL-SYD,First,1725
6/8/1992,MEL-SYD,First,1456
6/15/1992,MEL-SYD,First,1447
6/22/1992,MEL-SYD,First,1357
6/29/1992,MEL-SYD,First,1280
7/6/1992,MEL-SYD,First,1363
7/13/1992,MEL-SYD,First,1228
7/20/1992,MEL-SYD,First,1411
7/27/1992,MEL-SYD,First,1130
8/3/1992,MEL-SYD,First,1153
8/10/1992,MEL-SYD,First,1257
8/17/1992,MEL-SYD,First,1259
8/24/1992,MEL-SYD,First,1153
8/31/1992,MEL-SYD,First,1202
9/7/1992,MEL-SYD,First,1185
9/14/1992,MEL-SYD,First,1247
9/21/1992,MEL-SYD,First,1434
9/28/1992,MEL-SYD,First,1450
10/5/1992,MEL-SYD,First,1227
10/12/1992,MEL-SYD,First,1245
10/19/1992,MEL-SYD,First,1417
10/26/1992,MEL-SYD,First,1458
11/2/1992,MEL-SYD,First,1398
11/9/1992,MEL-SYD,First,1423
11/16/1992,MEL-SYD,First,1358
11/23/1992,MEL-SYD,First,1488
7/10/1989,SYD-ADL,Business,284
7/17/1989,SYD-ADL,Business,424
7/24/1989,SYD-ADL,Business,338
7/31/1989,SYD-ADL,Business,426
8/7/1989,SYD-ADL,Business,377
8/14/1989,SYD-ADL,Business,261
8/21/1989,SYD-ADL,Business,0
8/28/1989,SYD-ADL,Business,0
9/4/1989,SYD-ADL,Business,0
9/11/1989,SYD-ADL,Business,0
9/18/1989,SYD-ADL,Business,0
9/25/1989,SYD-ADL,Business,0
10/2/1989,SYD-ADL,Business,0
10/9/1989,SYD-ADL,Business,87
10/16/1989,SYD-ADL,Business,19
10/23/1989,SYD-ADL,Business,79
10/30/1989,SYD-ADL,Business,111
11/6/1989,SYD-ADL,Business,29
11/13/1989,SYD-ADL,Business,30
11/20/1989,SYD-ADL,Business,33
11/27/1989,SYD-ADL,Business,43
12/4/1989,SYD-ADL,Business,60
12/11/1989,SYD-ADL,Business,225
12/18/1989,SYD-ADL,Business,103
12/25/1989,SYD-ADL,Business,165
1/1/1990,SYD-ADL,Business,189
1/8/1990,SYD-ADL,Business,247
1/15/1990,SYD-ADL,Business,290
1/22/1990,SYD-ADL,Business,300
1/29/1990,SYD-ADL,Business,402
2/5/1990,SYD-ADL,Business,403
2/12/1990,SYD-ADL,Business,418
2/19/1990,SYD-ADL,Business,393
2/26/1990,SYD-ADL,Business,418
3/5/1990,SYD-ADL,Business,480
3/12/1990,SYD-ADL,Business,447
3/19/1990,SYD-ADL,Business,499
3/26/1990,SYD-ADL,Business,566
4/2/1990,SYD-ADL,Business,374
4/9/1990,SYD-ADL,Business,329
4/16/1990,SYD-ADL,Business,425
4/23/1990,SYD-ADL,Business,412
4/30/1990,SYD-ADL,Business,374
5/7/1990,SYD-ADL,Business,465
5/14/1990,SYD-ADL,Business,360
5/21/1990,SYD-ADL,Business,354
5/28/1990,SYD-ADL,Business,340
6/4/1990,SYD-ADL,Business,290
6/11/1990,SYD-ADL,Business,361
6/18/1990,SYD-ADL,Business,310
6/25/1990,SYD-ADL,Business,254
7/2/1990,SYD-ADL,Business,375
7/9/1990,SYD-ADL,Business,358
7/16/1990,SYD-ADL,Business,345
7/23/1990,SYD-ADL,Business,319
7/30/1990,SYD-ADL,Business,358
8/6/1990,SYD-ADL,Business,317
8/13/1990,SYD-ADL,Business,420
8/20/1990,SYD-ADL,Business,357
8/27/1990,SYD-ADL,Business,366
9/3/1990,SYD-ADL,Business,346
9/10/1990,SYD-ADL,Business,399
9/17/1990,SYD-ADL,Business,271
9/24/1990,SYD-ADL,Business,272
10/1/1990,SYD-ADL,Business,323
10/8/1990,SYD-ADL,Business,387
10/15/1990,SYD-ADL,Business,459
10/22/1990,SYD-ADL,Business,561
10/29/1990,SYD-ADL,Business,504
11/5/1990,SYD-ADL,Business,452
11/12/1990,SYD-ADL,Business,446
11/19/1990,SYD-ADL,Business,424
11/26/1990,SYD-ADL,Business,374
12/3/1990,SYD-ADL,Business,385
12/10/1990,SYD-ADL,Business,295
12/17/1990,SYD-ADL,Business,121
12/24/1990,SYD-ADL,Business,130
1/7/1991,SYD-ADL,Business,151
1/14/1991,SYD-ADL,Business,195
1/21/1991,SYD-ADL,Business,290
1/28/1991,SYD-ADL,Business,202
2/4/1991,SYD-ADL,Business,344
2/11/1991,SYD-ADL,Business,300
2/18/1991,SYD-ADL,Business,387
2/25/1991,SYD-ADL,Business,360
3/4/1991,SYD-ADL,Business,408
3/11/1991,SYD-ADL,Business,462
3/18/1991,SYD-ADL,Business,521
3/25/1991,SYD-ADL,Business,345
4/1/1991,SYD-ADL,Business,295
4/8/1991,SYD-ADL,Business,459
4/15/1991,SYD-ADL,Business,486
4/22/1991,SYD-ADL,Business,335
4/29/1991,SYD-ADL,Business,453
5/6/1991,SYD-ADL,Business,490
5/13/1991,SYD-ADL,Business,399
5/20/1991,SYD-ADL,Business,453
5/27/1991,SYD-ADL,Business,442
6/3/1991,SYD-ADL,Business,464
6/10/1991,SYD-ADL,Business,362
6/17/1991,SYD-ADL,Business,504
6/24/1991,SYD-ADL,Business,381
7/1/1991,SYD-ADL,Business,374
7/8/1991,SYD-ADL,Business,318
7/15/1991,SYD-ADL,Business,341
7/22/1991,SYD-ADL,Business,403
7/29/1991,SYD-ADL,Business,391
8/5/1991,SYD-ADL,Business,368
8/12/1991,SYD-ADL,Business,385
8/19/1991,SYD-ADL,Business,372
8/26/1991,SYD-ADL,Business,338
9/2/1991,SYD-ADL,Business,376
9/9/1991,SYD-ADL,Business,304
9/16/1991,SYD-ADL,Business,328
9/23/1991,SYD-ADL,Business,379
9/30/1991,SYD-ADL,Business,343
10/7/1991,SYD-ADL,Business,356
10/14/1991,SYD-ADL,Business,346
10/21/1991,SYD-ADL,Business,391
10/28/1991,SYD-ADL,Business,472
11/4/1991,SYD-ADL,Business,609
11/11/1991,SYD-ADL,Business,411
11/18/1991,SYD-ADL,Business,408
11/25/1991,SYD-ADL,Business,366
12/2/1991,SYD-ADL,Business,353
12/9/1991,SYD-ADL,Business,428
12/16/1991,SYD-ADL,Business,346
12/23/1991,SYD-ADL,Business,64
12/30/1991,SYD-ADL,Business,108
1/6/1992,SYD-ADL,Business,151
1/13/1992,SYD-ADL,Business,255
1/20/1992,SYD-ADL,Business,252
1/27/1992,SYD-ADL,Business,298
2/3/1992,SYD-ADL,Business,347
2/10/1992,SYD-ADL,Business,403
2/17/1992,SYD-ADL,Business,375
2/24/1992,SYD-ADL,Business,463
3/2/1992,SYD-ADL,Business,447
3/9/1992,SYD-ADL,Business,468
3/16/1992,SYD-ADL,Business,480
3/23/1992,SYD-ADL,Business,1860
3/30/1992,SYD-ADL,Business,1860
4/6/1992,SYD-ADL,Business,1861
4/13/1992,SYD-ADL,Business,1833
4/20/1992,SYD-ADL,Business,1377
4/27/1992,SYD-ADL,Business,1824
5/4/1992,SYD-ADL,Business,1762
5/11/1992,SYD-ADL,Business,1584
5/18/1992,SYD-ADL,Business,1648
5/25/1992,SYD-ADL,Business,1554
6/1/1992,SYD-ADL,Business,1420
6/8/1992,SYD-ADL,Business,1141
6/15/1992,SYD-ADL,Business,1201
6/22/1992,SYD-ADL,Business,819
6/29/1992,SYD-ADL,Business,773
7/6/1992,SYD-ADL,Business,728
7/13/1992,SYD-ADL,Business,704
7/20/1992,SYD-ADL,Business,797
7/27/1992,SYD-ADL,Business,618
8/3/1992,SYD-ADL,Business,677
8/10/1992,SYD-ADL,Business,670
8/17/1992,SYD-ADL,Business,614
8/24/1992,SYD-ADL,Business,724
8/31/1992,SYD-ADL,Business,571
9/7/1992,SYD-ADL,Business,515
9/14/1992,SYD-ADL,Business,667
9/21/1992,SYD-ADL,Business,619
9/28/1992,SYD-ADL,Business,579
10/5/1992,SYD-ADL,Business,489
10/12/1992,SYD-ADL,Business,657
10/19/1992,SYD-ADL,Business,746
10/26/1992,SYD-ADL,Business,644
11/2/1992,SYD-ADL,Business,750
11/9/1992,SYD-ADL,Business,975
11/16/1992,SYD-ADL,Business,673
11/23/1992,SYD-ADL,Business,677
6/29/1987,SYD-ADL,Economy,4263
7/6/1987,SYD-ADL,Economy,4050
7/13/1987,SYD-ADL,Economy,4316
7/20/1987,SYD-ADL,Economy,4196
7/27/1987,SYD-ADL,Economy,3842
8/3/1987,SYD-ADL,Economy,3979
8/10/1987,SYD-ADL,Economy,3947
8/17/1987,SYD-ADL,Economy,3955
8/24/1987,SYD-ADL,Economy,4114
8/31/1987,SYD-ADL,Economy,4029
9/7/1987,SYD-ADL,Economy,3858
9/14/1987,SYD-ADL,Economy,4044
9/21/1987,SYD-ADL,Economy,4657
9/28/1987,SYD-ADL,Economy,4473
10/5/1987,SYD-ADL,Economy,5003
10/12/1987,SYD-ADL,Economy,4519
10/19/1987,SYD-ADL,Economy,3846
10/26/1987,SYD-ADL,Economy,4302
11/2/1987,SYD-ADL,Economy,4380
11/9/1987,SYD-ADL,Economy,6241
11/16/1987,SYD-ADL,Economy,6977
11/23/1987,SYD-ADL,Economy,4008
11/30/1987,SYD-ADL,Economy,3907
12/7/1987,SYD-ADL,Economy,3972
12/14/1987,SYD-ADL,Economy,4445
12/21/1987,SYD-ADL,Economy,4043
12/28/1987,SYD-ADL,Economy,3678
1/4/1988,SYD-ADL,Economy,4058
1/4/1988,SYD-ADL,Economy,4660
1/11/1988,SYD-ADL,Economy,4431
1/18/1988,SYD-ADL,Economy,4359
1/25/1988,SYD-ADL,Economy,3935
2/1/1988,SYD-ADL,Economy,4281
2/8/1988,SYD-ADL,Economy,4536
2/15/1988,SYD-ADL,Economy,3821
2/22/1988,SYD-ADL,Economy,3476
2/29/1988,SYD-ADL,Economy,4449
3/7/1988,SYD-ADL,Economy,4234
3/14/1988,SYD-ADL,Economy,4462
3/21/1988,SYD-ADL,Economy,4675
3/28/1988,SYD-ADL,Economy,4478
4/4/1988,SYD-ADL,Economy,4860
4/11/1988,SYD-ADL,Economy,4741
4/18/1988,SYD-ADL,Economy,4405
4/25/1988,SYD-ADL,Economy,4360
5/2/1988,SYD-ADL,Economy,4268
5/9/1988,SYD-ADL,Economy,4149
5/16/1988,SYD-ADL,Economy,4103
5/23/1988,SYD-ADL,Economy,3826
5/30/1988,SYD-ADL,Economy,3539
6/6/1988,SYD-ADL,Economy,3789
6/13/1988,SYD-ADL,Economy,3944
6/20/1988,SYD-ADL,Economy,4258
6/27/1988,SYD-ADL,Economy,4764
7/4/1988,SYD-ADL,Economy,5000
7/11/1988,SYD-ADL,Economy,4552
7/18/1988,SYD-ADL,Economy,4206
7/25/1988,SYD-ADL,Economy,3949
8/1/1988,SYD-ADL,Economy,4237
8/8/1988,SYD-ADL,Economy,4298
8/15/1988,SYD-ADL,Economy,4387
8/22/1988,SYD-ADL,Economy,4547
8/29/1988,SYD-ADL,Economy,4246
9/5/1988,SYD-ADL,Economy,4743
9/12/1988,SYD-ADL,Economy,4671
9/19/1988,SYD-ADL,Economy,4930
9/26/1988,SYD-ADL,Economy,3542
10/3/1988,SYD-ADL,Economy,4835
10/10/1988,SYD-ADL,Economy,4149
10/17/1988,SYD-ADL,Economy,4470
10/24/1988,SYD-ADL,Economy,4176
10/31/1988,SYD-ADL,Economy,6783
11/7/1988,SYD-ADL,Economy,7261
11/14/1988,SYD-ADL,Economy,4439
11/21/1988,SYD-ADL,Economy,4419
11/28/1988,SYD-ADL,Economy,4434
12/5/1988,SYD-ADL,Economy,4439
12/12/1988,SYD-ADL,Economy,4478
12/19/1988,SYD-ADL,Economy,3471
12/26/1988,SYD-ADL,Economy,4095
1/2/1989,SYD-ADL,Economy,4252
1/9/1989,SYD-ADL,Economy,4262
1/16/1989,SYD-ADL,Economy,4225
1/23/1989,SYD-ADL,Economy,4160
1/30/1989,SYD-ADL,Economy,4823
2/6/1989,SYD-ADL,Economy,4460
2/13/1989,SYD-ADL,Economy,3818
2/20/1989,SYD-ADL,Economy,3814
2/27/1989,SYD-ADL,Economy,3869
3/6/1989,SYD-ADL,Economy,4538
3/13/1989,SYD-ADL,Economy,4784
3/20/1989,SYD-ADL,Economy,4461
3/27/1989,SYD-ADL,Economy,4125
4/3/1989,SYD-ADL,Economy,4301
4/10/1989,SYD-ADL,Economy,4528
4/17/1989,SYD-ADL,Economy,3950
4/24/1989,SYD-ADL,Economy,3958
5/1/1989,SYD-ADL,Economy,3830
5/8/1989,SYD-ADL,Economy,3646
5/15/1989,SYD-ADL,Economy,3791
5/22/1989,SYD-ADL,Economy,3549
5/29/1989,SYD-ADL,Economy,3764
6/5/1989,SYD-ADL,Economy,3762
6/12/1989,SYD-ADL,Economy,4371
6/19/1989,SYD-ADL,Economy,4220
6/26/1989,SYD-ADL,Economy,4759
7/3/1989,SYD-ADL,Economy,4980
7/10/1989,SYD-ADL,Economy,4474
7/17/1989,SYD-ADL,Economy,3831
7/24/1989,SYD-ADL,Economy,3737
7/31/1989,SYD-ADL,Economy,3710
8/7/1989,SYD-ADL,Economy,3381
8/14/1989,SYD-ADL,Economy,1656
8/21/1989,SYD-ADL,Economy,0
8/28/1989,SYD-ADL,Economy,0
9/4/1989,SYD-ADL,Economy,0
9/11/1989,SYD-ADL,Economy,0
9/18/1989,SYD-ADL,Economy,0
9/25/1989,SYD-ADL,Economy,0
10/2/1989,SYD-ADL,Economy,0
10/9/1989,SYD-ADL,Economy,2436
10/16/1989,SYD-ADL,Economy,2191
10/23/1989,SYD-ADL,Economy,2598
10/30/1989,SYD-ADL,Economy,3405
11/6/1989,SYD-ADL,Economy,3389
11/13/1989,SYD-ADL,Economy,4200
11/20/1989,SYD-ADL,Economy,4459
11/27/1989,SYD-ADL,Economy,4420
12/4/1989,SYD-ADL,Economy,4680
12/11/1989,SYD-ADL,Economy,3618
12/18/1989,SYD-ADL,Economy,2968
12/25/1989,SYD-ADL,Economy,3461
1/1/1990,SYD-ADL,Economy,3753
1/8/1990,SYD-ADL,Economy,3666
1/15/1990,SYD-ADL,Economy,3337
1/22/1990,SYD-ADL,Economy,3414
1/29/1990,SYD-ADL,Economy,3116
2/5/1990,SYD-ADL,Economy,3431
2/12/1990,SYD-ADL,Economy,3624
2/19/1990,SYD-ADL,Economy,3365
2/26/1990,SYD-ADL,Economy,3422
3/5/1990,SYD-ADL,Economy,3480
3/12/1990,SYD-ADL,Economy,3823
3/19/1990,SYD-ADL,Economy,3999
3/26/1990,SYD-ADL,Economy,4363
4/2/1990,SYD-ADL,Economy,4592
4/9/1990,SYD-ADL,Economy,4211
4/16/1990,SYD-ADL,Economy,4580
4/23/1990,SYD-ADL,Economy,4386
4/30/1990,SYD-ADL,Economy,3862
5/7/1990,SYD-ADL,Economy,3763
5/14/1990,SYD-ADL,Economy,3682
5/21/1990,SYD-ADL,Economy,3601
5/28/1990,SYD-ADL,Economy,4018
6/4/1990,SYD-ADL,Economy,3853
6/11/1990,SYD-ADL,Economy,3815
6/18/1990,SYD-ADL,Economy,4415
6/25/1990,SYD-ADL,Economy,4762
7/2/1990,SYD-ADL,Economy,5122
7/9/1990,SYD-ADL,Economy,4499
7/16/1990,SYD-ADL,Economy,4375
7/23/1990,SYD-ADL,Economy,3977
7/30/1990,SYD-ADL,Economy,4247
8/6/1990,SYD-ADL,Economy,4381
8/13/1990,SYD-ADL,Economy,4042
8/20/1990,SYD-ADL,Economy,4072
8/27/1990,SYD-ADL,Economy,4025
9/3/1990,SYD-ADL,Economy,3817
9/10/1990,SYD-ADL,Economy,4220
9/17/1990,SYD-ADL,Economy,3373
9/24/1990,SYD-ADL,Economy,4898
10/1/1990,SYD-ADL,Economy,4244
10/8/1990,SYD-ADL,Economy,4497
10/15/1990,SYD-ADL,Economy,4196
10/22/1990,SYD-ADL,Economy,5778
10/29/1990,SYD-ADL,Economy,5978
11/5/1990,SYD-ADL,Economy,4475
11/12/1990,SYD-ADL,Economy,4567
11/19/1990,SYD-ADL,Economy,4438
11/26/1990,SYD-ADL,Economy,4502
12/3/1990,SYD-ADL,Economy,4495
12/10/1990,SYD-ADL,Economy,4915
12/17/1990,SYD-ADL,Economy,4610
12/24/1990,SYD-ADL,Economy,4878
1/7/1991,SYD-ADL,Economy,5072
1/14/1991,SYD-ADL,Economy,5268
1/21/1991,SYD-ADL,Economy,5499
1/28/1991,SYD-ADL,Economy,4814
2/4/1991,SYD-ADL,Economy,4623
2/11/1991,SYD-ADL,Economy,4982
2/18/1991,SYD-ADL,Economy,5086
2/25/1991,SYD-ADL,Economy,4641
3/4/1991,SYD-ADL,Economy,4093
3/11/1991,SYD-ADL,Economy,4229
3/18/1991,SYD-ADL,Economy,4707
3/25/1991,SYD-ADL,Economy,4426
4/1/1991,SYD-ADL,Economy,4543
4/8/1991,SYD-ADL,Economy,4651
4/15/1991,SYD-ADL,Economy,4674
4/22/1991,SYD-ADL,Economy,4285
4/29/1991,SYD-ADL,Economy,4830
5/6/1991,SYD-ADL,Economy,4213
5/13/1991,SYD-ADL,Economy,4409
5/20/1991,SYD-ADL,Economy,4021
5/27/1991,SYD-ADL,Economy,4285
6/3/1991,SYD-ADL,Economy,4339
6/10/1991,SYD-ADL,Economy,3839
6/17/1991,SYD-ADL,Economy,4226
6/24/1991,SYD-ADL,Economy,4327
7/1/1991,SYD-ADL,Economy,4819
7/8/1991,SYD-ADL,Economy,5052
7/15/1991,SYD-ADL,Economy,5012
7/22/1991,SYD-ADL,Economy,4738
7/29/1991,SYD-ADL,Economy,4353
8/5/1991,SYD-ADL,Economy,4465
8/12/1991,SYD-ADL,Economy,4735
8/19/1991,SYD-ADL,Economy,4486
8/26/1991,SYD-ADL,Economy,4843
9/2/1991,SYD-ADL,Economy,4956
9/9/1991,SYD-ADL,Economy,4999
9/16/1991,SYD-ADL,Economy,5590
9/23/1991,SYD-ADL,Economy,5468
9/30/1991,SYD-ADL,Economy,5916
10/7/1991,SYD-ADL,Economy,5943
10/14/1991,SYD-ADL,Economy,6139
10/21/1991,SYD-ADL,Economy,5490
10/28/1991,SYD-ADL,Economy,7232
11/4/1991,SYD-ADL,Economy,7650
11/11/1991,SYD-ADL,Economy,5690
11/18/1991,SYD-ADL,Economy,5453
11/25/1991,SYD-ADL,Economy,6012
12/2/1991,SYD-ADL,Economy,5365
12/9/1991,SYD-ADL,Economy,5427
12/16/1991,SYD-ADL,Economy,6126
12/23/1991,SYD-ADL,Economy,6590
12/30/1991,SYD-ADL,Economy,6079
1/6/1992,SYD-ADL,Economy,6810
1/13/1992,SYD-ADL,Economy,6855
1/20/1992,SYD-ADL,Economy,6646
1/27/1992,SYD-ADL,Economy,5422
2/3/1992,SYD-ADL,Economy,4957
2/10/1992,SYD-ADL,Economy,5106
2/17/1992,SYD-ADL,Economy,5312
2/24/1992,SYD-ADL,Economy,5630
3/2/1992,SYD-ADL,Economy,5962
3/9/1992,SYD-ADL,Economy,5616
3/16/1992,SYD-ADL,Economy,5725
3/23/1992,SYD-ADL,Economy,4171
3/30/1992,SYD-ADL,Economy,3891
4/6/1992,SYD-ADL,Economy,4430
4/13/1992,SYD-ADL,Economy,4570
4/20/1992,SYD-ADL,Economy,4640
4/27/1992,SYD-ADL,Economy,4267
5/4/1992,SYD-ADL,Economy,4402
5/11/1992,SYD-ADL,Economy,4319
5/18/1992,SYD-ADL,Economy,4523
5/25/1992,SYD-ADL,Economy,4249
6/1/1992,SYD-ADL,Economy,4581
6/8/1992,SYD-ADL,Economy,4748
6/15/1992,SYD-ADL,Economy,4859
6/22/1992,SYD-ADL,Economy,5850
6/29/1992,SYD-ADL,Economy,6288
7/6/1992,SYD-ADL,Economy,6493
7/13/1992,SYD-ADL,Economy,6982
7/20/1992,SYD-ADL,Economy,6131
7/27/1992,SYD-ADL,Economy,6013
8/3/1992,SYD-ADL,Economy,5825
8/10/1992,SYD-ADL,Economy,5900
8/17/1992,SYD-ADL,Economy,5984
8/24/1992,SYD-ADL,Economy,6018
8/31/1992,SYD-ADL,Economy,5724
9/7/1992,SYD-ADL,Economy,6151
9/14/1992,SYD-ADL,Economy,6383
9/21/1992,SYD-ADL,Economy,6539
9/28/1992,SYD-ADL,Economy,7125
10/5/1992,SYD-ADL,Economy,6876
10/12/1992,SYD-ADL,Economy,6488
10/19/1992,SYD-ADL,Economy,6403
10/26/1992,SYD-ADL,Economy,6233
11/2/1992,SYD-ADL,Economy,8147
11/9/1992,SYD-ADL,Economy,8356
11/16/1992,SYD-ADL,Economy,6029
11/23/1992,SYD-ADL,Economy,6009
6/29/1987,SYD-ADL,First,351
7/6/1987,SYD-ADL,First,336
7/13/1987,SYD-ADL,First,299
7/20/1987,SYD-ADL,First,438
7/27/1987,SYD-ADL,First,355
8/3/1987,SYD-ADL,First,440
8/10/1987,SYD-ADL,First,368
8/17/1987,SYD-ADL,First,417
8/24/1987,SYD-ADL,First,378
8/31/1987,SYD-ADL,First,401
9/7/1987,SYD-ADL,First,373
9/14/1987,SYD-ADL,First,384
9/21/1987,SYD-ADL,First,367
9/28/1987,SYD-ADL,First,448
10/5/1987,SYD-ADL,First,417
10/12/1987,SYD-ADL,First,443
10/19/1987,SYD-ADL,First,408
10/26/1987,SYD-ADL,First,451
11/2/1987,SYD-ADL,First,422
11/9/1987,SYD-ADL,First,739
11/16/1987,SYD-ADL,First,803
11/23/1987,SYD-ADL,First,398
11/30/1987,SYD-ADL,First,420
12/7/1987,SYD-ADL,First,405
12/14/1987,SYD-ADL,First,326
12/21/1987,SYD-ADL,First,216
12/28/1987,SYD-ADL,First,91
1/4/1988,SYD-ADL,First,152
1/4/1988,SYD-ADL,First,174
1/11/1988,SYD-ADL,First,257
1/18/1988,SYD-ADL,First,328
1/25/1988,SYD-ADL,First,433
2/1/1988,SYD-ADL,First,459
2/8/1988,SYD-ADL,First,461
2/15/1988,SYD-ADL,First,408
2/22/1988,SYD-ADL,First,333
2/29/1988,SYD-ADL,First,482
3/7/1988,SYD-ADL,First,401
3/14/1988,SYD-ADL,First,417
3/21/1988,SYD-ADL,First,253
3/28/1988,SYD-ADL,First,314
4/4/1988,SYD-ADL,First,428
4/11/1988,SYD-ADL,First,411
4/18/1988,SYD-ADL,First,322
4/25/1988,SYD-ADL,First,439
5/2/1988,SYD-ADL,First,464
5/9/1988,SYD-ADL,First,425
5/16/1988,SYD-ADL,First,450
5/23/1988,SYD-ADL,First,352
5/30/1988,SYD-ADL,First,340
6/6/1988,SYD-ADL,First,341
6/13/1988,SYD-ADL,First,384
6/20/1988,SYD-ADL,First,339
6/27/1988,SYD-ADL,First,318
7/4/1988,SYD-ADL,First,347
7/11/1988,SYD-ADL,First,357
7/18/1988,SYD-ADL,First,414
7/25/1988,SYD-ADL,First,384
8/1/1988,SYD-ADL,First,389
8/8/1988,SYD-ADL,First,342
8/15/1988,SYD-ADL,First,367
8/22/1988,SYD-ADL,First,373
8/29/1988,SYD-ADL,First,404
9/5/1988,SYD-ADL,First,373
9/12/1988,SYD-ADL,First,378
9/19/1988,SYD-ADL,First,320
9/26/1988,SYD-ADL,First,215
10/3/1988,SYD-ADL,First,326
10/10/1988,SYD-ADL,First,301
10/17/1988,SYD-ADL,First,412
10/24/1988,SYD-ADL,First,361
10/31/1988,SYD-ADL,First,681
11/7/1988,SYD-ADL,First,828
11/14/1988,SYD-ADL,First,417
11/21/1988,SYD-ADL,First,416
11/28/1988,SYD-ADL,First,450
12/5/1988,SYD-ADL,First,354
12/12/1988,SYD-ADL,First,285
12/19/1988,SYD-ADL,First,104
12/26/1988,SYD-ADL,First,153
1/2/1989,SYD-ADL,First,202
1/9/1989,SYD-ADL,First,242
1/16/1989,SYD-ADL,First,241
1/23/1989,SYD-ADL,First,316
1/30/1989,SYD-ADL,First,394
2/6/1989,SYD-ADL,First,384
2/13/1989,SYD-ADL,First,317
2/20/1989,SYD-ADL,First,345
2/27/1989,SYD-ADL,First,364
3/6/1989,SYD-ADL,First,365
3/13/1989,SYD-ADL,First,303
3/20/1989,SYD-ADL,First,307
3/27/1989,SYD-ADL,First,315
4/3/1989,SYD-ADL,First,288
4/10/1989,SYD-ADL,First,391
4/17/1989,SYD-ADL,First,334
4/24/1989,SYD-ADL,First,338
5/1/1989,SYD-ADL,First,422
5/8/1989,SYD-ADL,First,355
5/15/1989,SYD-ADL,First,293
5/22/1989,SYD-ADL,First,310
5/29/1989,SYD-ADL,First,388
6/5/1989,SYD-ADL,First,355
6/12/1989,SYD-ADL,First,322
6/19/1989,SYD-ADL,First,290
6/26/1989,SYD-ADL,First,347
7/3/1989,SYD-ADL,First,286
7/10/1989,SYD-ADL,First,261
7/17/1989,SYD-ADL,First,298
7/24/1989,SYD-ADL,First,263
7/31/1989,SYD-ADL,First,343
8/7/1989,SYD-ADL,First,255
8/14/1989,SYD-ADL,First,147
8/21/1989,SYD-ADL,First,0
8/28/1989,SYD-ADL,First,0
9/4/1989,SYD-ADL,First,0
9/11/1989,SYD-ADL,First,0
9/18/1989,SYD-ADL,First,0
9/25/1989,SYD-ADL,First,0
10/2/1989,SYD-ADL,First,0
10/9/1989,SYD-ADL,First,0
10/16/1989,SYD-ADL,First,0
10/23/1989,SYD-ADL,First,63
10/30/1989,SYD-ADL,First,116
11/6/1989,SYD-ADL,First,42
11/13/1989,SYD-ADL,First,37
11/20/1989,SYD-ADL,First,30
11/27/1989,SYD-ADL,First,32
12/4/1989,SYD-ADL,First,40
12/11/1989,SYD-ADL,First,162
12/18/1989,SYD-ADL,First,62
12/25/1989,SYD-ADL,First,93
1/1/1990,SYD-ADL,First,147
1/8/1990,SYD-ADL,First,225
1/15/1990,SYD-ADL,First,216
1/22/1990,SYD-ADL,First,214
1/29/1990,SYD-ADL,First,341
2/5/1990,SYD-ADL,First,240
2/12/1990,SYD-ADL,First,356
2/19/1990,SYD-ADL,First,300
2/26/1990,SYD-ADL,First,313
3/5/1990,SYD-ADL,First,310
3/12/1990,SYD-ADL,First,381
3/19/1990,SYD-ADL,First,335
3/26/1990,SYD-ADL,First,266
4/2/1990,SYD-ADL,First,226
4/9/1990,SYD-ADL,First,235
4/16/1990,SYD-ADL,First,254
4/23/1990,SYD-ADL,First,274
4/30/1990,SYD-ADL,First,316
5/7/1990,SYD-ADL,First,268
5/14/1990,SYD-ADL,First,255
5/21/1990,SYD-ADL,First,261
5/28/1990,SYD-ADL,First,275
6/4/1990,SYD-ADL,First,233
6/11/1990,SYD-ADL,First,286
6/18/1990,SYD-ADL,First,275
6/25/1990,SYD-ADL,First,252
7/2/1990,SYD-ADL,First,209
7/9/1990,SYD-ADL,First,260
7/16/1990,SYD-ADL,First,263
7/23/1990,SYD-ADL,First,233
7/30/1990,SYD-ADL,First,264
8/6/1990,SYD-ADL,First,258
8/13/1990,SYD-ADL,First,256
8/20/1990,SYD-ADL,First,231
8/27/1990,SYD-ADL,First,259
9/3/1990,SYD-ADL,First,220
9/10/1990,SYD-ADL,First,229
9/17/1990,SYD-ADL,First,172
9/24/1990,SYD-ADL,First,205
10/1/1990,SYD-ADL,First,217
10/8/1990,SYD-ADL,First,331
10/15/1990,SYD-ADL,First,374
10/22/1990,SYD-ADL,First,339
10/29/1990,SYD-ADL,First,406
11/5/1990,SYD-ADL,First,251
11/12/1990,SYD-ADL,First,303
11/19/1990,SYD-ADL,First,280
11/26/1990,SYD-ADL,First,249
12/3/1990,SYD-ADL,First,275
12/10/1990,SYD-ADL,First,237
12/17/1990,SYD-ADL,First,42
12/24/1990,SYD-ADL,First,69
1/7/1991,SYD-ADL,First,133
1/14/1991,SYD-ADL,First,164
1/21/1991,SYD-ADL,First,237
1/28/1991,SYD-ADL,First,198
2/4/1991,SYD-ADL,First,219
2/11/1991,SYD-ADL,First,226
2/18/1991,SYD-ADL,First,287
2/25/1991,SYD-ADL,First,269
3/4/1991,SYD-ADL,First,213
3/11/1991,SYD-ADL,First,231
3/18/1991,SYD-ADL,First,225
3/25/1991,SYD-ADL,First,206
4/1/1991,SYD-ADL,First,160
4/8/1991,SYD-ADL,First,224
4/15/1991,SYD-ADL,First,167
4/22/1991,SYD-ADL,First,206
4/29/1991,SYD-ADL,First,176
5/6/1991,SYD-ADL,First,234
5/13/1991,SYD-ADL,First,221
5/20/1991,SYD-ADL,First,224
5/27/1991,SYD-ADL,First,213
6/3/1991,SYD-ADL,First,213
6/10/1991,SYD-ADL,First,194
6/17/1991,SYD-ADL,First,213
6/24/1991,SYD-ADL,First,209
7/1/1991,SYD-ADL,First,166
7/8/1991,SYD-ADL,First,160
7/15/1991,SYD-ADL,First,148
7/22/1991,SYD-ADL,First,197
7/29/1991,SYD-ADL,First,205
8/5/1991,SYD-ADL,First,162
8/12/1991,SYD-ADL,First,178
8/19/1991,SYD-ADL,First,141
8/26/1991,SYD-ADL,First,158
9/2/1991,SYD-ADL,First,178
9/9/1991,SYD-ADL,First,174
9/16/1991,SYD-ADL,First,158
9/23/1991,SYD-ADL,First,157
9/30/1991,SYD-ADL,First,194
10/7/1991,SYD-ADL,First,156
10/14/1991,SYD-ADL,First,166
10/21/1991,SYD-ADL,First,192
10/28/1991,SYD-ADL,First,225
11/4/1991,SYD-ADL,First,258
11/11/1991,SYD-ADL,First,173
11/18/1991,SYD-ADL,First,172
11/25/1991,SYD-ADL,First,196
12/2/1991,SYD-ADL,First,187
12/9/1991,SYD-ADL,First,165
12/16/1991,SYD-ADL,First,164
12/23/1991,SYD-ADL,First,84
12/30/1991,SYD-ADL,First,81
1/6/1992,SYD-ADL,First,112
1/13/1992,SYD-ADL,First,132
1/20/1992,SYD-ADL,First,140
1/27/1992,SYD-ADL,First,107
2/3/1992,SYD-ADL,First,266
2/10/1992,SYD-ADL,First,425
2/17/1992,SYD-ADL,First,464
2/24/1992,SYD-ADL,First,433
3/2/1992,SYD-ADL,First,480
3/9/1992,SYD-ADL,First,414
3/16/1992,SYD-ADL,First,440
3/23/1992,SYD-ADL,First,538
3/30/1992,SYD-ADL,First,427
4/6/1992,SYD-ADL,First,492
4/13/1992,SYD-ADL,First,423
4/20/1992,SYD-ADL,First,353
4/27/1992,SYD-ADL,First,415
5/4/1992,SYD-ADL,First,522
5/11/1992,SYD-ADL,First,537
5/18/1992,SYD-ADL,First,441
5/25/1992,SYD-ADL,First,384
6/1/1992,SYD-ADL,First,402
6/8/1992,SYD-ADL,First,264
6/15/1992,SYD-ADL,First,320
6/22/1992,SYD-ADL,First,342
6/29/1992,SYD-ADL,First,300
7/6/1992,SYD-ADL,First,286
7/13/1992,SYD-ADL,First,242
7/20/1992,SYD-ADL,First,271
7/27/1992,SYD-ADL,First,205
8/3/1992,SYD-ADL,First,301
8/10/1992,SYD-ADL,First,242
8/17/1992,SYD-ADL,First,249
8/24/1992,SYD-ADL,First,261
8/31/1992,SYD-ADL,First,306
9/7/1992,SYD-ADL,First,257
9/14/1992,SYD-ADL,First,274
9/21/1992,SYD-ADL,First,284
9/28/1992,SYD-ADL,First,311
10/5/1992,SYD-ADL,First,217
10/12/1992,SYD-ADL,First,287
10/19/1992,SYD-ADL,First,301
10/26/1992,SYD-ADL,First,258
11/2/1992,SYD-ADL,First,312
11/9/1992,SYD-ADL,First,339
11/16/1992,SYD-ADL,First,288
11/23/1992,SYD-ADL,First,251
7/10/1989,SYD-BNE,Business,790
7/17/1989,SYD-BNE,Business,872
7/24/1989,SYD-BNE,Business,827
7/31/1989,SYD-BNE,Business,1269
8/7/1989,SYD-BNE,Business,884
8/14/1989,SYD-BNE,Business,389
8/21/1989,SYD-BNE,Business,0
8/28/1989,SYD-BNE,Business,0
9/4/1989,SYD-BNE,Business,0
9/11/1989,SYD-BNE,Business,0
9/18/1989,SYD-BNE,Business,0
9/25/1989,SYD-BNE,Business,0
10/2/1989,SYD-BNE,Business,0
10/9/1989,SYD-BNE,Business,165
10/16/1989,SYD-BNE,Business,130
10/23/1989,SYD-BNE,Business,173
10/30/1989,SYD-BNE,Business,321
11/6/1989,SYD-BNE,Business,244
11/13/1989,SYD-BNE,Business,261
11/20/1989,SYD-BNE,Business,280
11/27/1989,SYD-BNE,Business,273
12/4/1989,SYD-BNE,Business,249
12/11/1989,SYD-BNE,Business,388
12/18/1989,SYD-BNE,Business,272
12/25/1989,SYD-BNE,Business,330
1/1/1990,SYD-BNE,Business,425
1/8/1990,SYD-BNE,Business,559
1/15/1990,SYD-BNE,Business,661
1/22/1990,SYD-BNE,Business,768
1/29/1990,SYD-BNE,Business,819
2/5/1990,SYD-BNE,Business,979
2/12/1990,SYD-BNE,Business,896
2/19/1990,SYD-BNE,Business,930
2/26/1990,SYD-BNE,Business,975
3/5/1990,SYD-BNE,Business,897
3/12/1990,SYD-BNE,Business,930
3/19/1990,SYD-BNE,Business,988
3/26/1990,SYD-BNE,Business,978
4/2/1990,SYD-BNE,Business,847
4/9/1990,SYD-BNE,Business,730
4/16/1990,SYD-BNE,Business,896
4/23/1990,SYD-BNE,Business,920
4/30/1990,SYD-BNE,Business,916
5/7/1990,SYD-BNE,Business,939
5/14/1990,SYD-BNE,Business,926
5/21/1990,SYD-BNE,Business,867
5/28/1990,SYD-BNE,Business,945
6/4/1990,SYD-BNE,Business,928
6/11/1990,SYD-BNE,Business,926
6/18/1990,SYD-BNE,Business,877
6/25/1990,SYD-BNE,Business,950
7/2/1990,SYD-BNE,Business,1043
7/9/1990,SYD-BNE,Business,958
7/16/1990,SYD-BNE,Business,914
7/23/1990,SYD-BNE,Business,762
7/30/1990,SYD-BNE,Business,810
8/6/1990,SYD-BNE,Business,837
8/13/1990,SYD-BNE,Business,940
8/20/1990,SYD-BNE,Business,963
8/27/1990,SYD-BNE,Business,970
9/3/1990,SYD-BNE,Business,1096
9/10/1990,SYD-BNE,Business,1022
9/17/1990,SYD-BNE,Business,1002
9/24/1990,SYD-BNE,Business,922
10/1/1990,SYD-BNE,Business,1057
10/8/1990,SYD-BNE,Business,1007
10/15/1990,SYD-BNE,Business,1064
10/22/1990,SYD-BNE,Business,838
10/29/1990,SYD-BNE,Business,804
11/5/1990,SYD-BNE,Business,813
11/12/1990,SYD-BNE,Business,993
11/19/1990,SYD-BNE,Business,1019
11/26/1990,SYD-BNE,Business,798
12/3/1990,SYD-BNE,Business,868
12/10/1990,SYD-BNE,Business,632
12/17/1990,SYD-BNE,Business,244
12/24/1990,SYD-BNE,Business,398
1/7/1991,SYD-BNE,Business,416
1/14/1991,SYD-BNE,Business,450
1/21/1991,SYD-BNE,Business,478
1/28/1991,SYD-BNE,Business,468
2/4/1991,SYD-BNE,Business,714
2/11/1991,SYD-BNE,Business,719
2/18/1991,SYD-BNE,Business,760
2/25/1991,SYD-BNE,Business,870
3/4/1991,SYD-BNE,Business,958
3/11/1991,SYD-BNE,Business,1018
3/18/1991,SYD-BNE,Business,1068
3/25/1991,SYD-BNE,Business,835
4/1/1991,SYD-BNE,Business,614
4/8/1991,SYD-BNE,Business,891
4/15/1991,SYD-BNE,Business,865
4/22/1991,SYD-BNE,Business,775
4/29/1991,SYD-BNE,Business,945
5/6/1991,SYD-BNE,Business,907
5/13/1991,SYD-BNE,Business,962
5/20/1991,SYD-BNE,Business,929
5/27/1991,SYD-BNE,Business,864
6/3/1991,SYD-BNE,Business,889
6/10/1991,SYD-BNE,Business,886
6/17/1991,SYD-BNE,Business,939
6/24/1991,SYD-BNE,Business,890
7/1/1991,SYD-BNE,Business,782
7/8/1991,SYD-BNE,Business,877
7/15/1991,SYD-BNE,Business,889
7/22/1991,SYD-BNE,Business,913
7/29/1991,SYD-BNE,Business,862
8/5/1991,SYD-BNE,Business,837
8/12/1991,SYD-BNE,Business,819
8/19/1991,SYD-BNE,Business,801
8/26/1991,SYD-BNE,Business,775
9/2/1991,SYD-BNE,Business,790
9/9/1991,SYD-BNE,Business,796
9/16/1991,SYD-BNE,Business,715
9/23/1991,SYD-BNE,Business,965
9/30/1991,SYD-BNE,Business,817
10/7/1991,SYD-BNE,Business,724
10/14/1991,SYD-BNE,Business,769
10/21/1991,SYD-BNE,Business,756
10/28/1991,SYD-BNE,Business,762
11/4/1991,SYD-BNE,Business,811
11/11/1991,SYD-BNE,Business,955
11/18/1991,SYD-BNE,Business,814
11/25/1991,SYD-BNE,Business,861
12/2/1991,SYD-BNE,Business,795
12/9/1991,SYD-BNE,Business,788
12/16/1991,SYD-BNE,Business,622
12/23/1991,SYD-BNE,Business,257
12/30/1991,SYD-BNE,Business,352
1/6/1992,SYD-BNE,Business,302
1/13/1992,SYD-BNE,Business,472
1/20/1992,SYD-BNE,Business,608
1/27/1992,SYD-BNE,Business,603
2/3/1992,SYD-BNE,Business,845
2/10/1992,SYD-BNE,Business,1034
2/17/1992,SYD-BNE,Business,981
2/24/1992,SYD-BNE,Business,884
3/2/1992,SYD-BNE,Business,808
3/9/1992,SYD-BNE,Business,892
3/16/1992,SYD-BNE,Business,899
3/23/1992,SYD-BNE,Business,3971
3/30/1992,SYD-BNE,Business,3783
4/6/1992,SYD-BNE,Business,4319
4/13/1992,SYD-BNE,Business,3926
4/20/1992,SYD-BNE,Business,3077
4/27/1992,SYD-BNE,Business,4023
5/4/1992,SYD-BNE,Business,3523
5/11/1992,SYD-BNE,Business,3618
5/18/1992,SYD-BNE,Business,3860
5/25/1992,SYD-BNE,Business,3452
6/1/1992,SYD-BNE,Business,3120
6/8/1992,SYD-BNE,Business,2704
6/15/1992,SYD-BNE,Business,2856
6/22/1992,SYD-BNE,Business,1981
6/29/1992,SYD-BNE,Business,1535
7/6/1992,SYD-BNE,Business,1638
7/13/1992,SYD-BNE,Business,1373
7/20/1992,SYD-BNE,Business,1420
7/27/1992,SYD-BNE,Business,1333
8/3/1992,SYD-BNE,Business,1218
8/10/1992,SYD-BNE,Business,1317
8/17/1992,SYD-BNE,Business,1319
8/24/1992,SYD-BNE,Business,1459
8/31/1992,SYD-BNE,Business,1241
9/7/1992,SYD-BNE,Business,1395
9/14/1992,SYD-BNE,Business,1330
9/21/1992,SYD-BNE,Business,1264
9/28/1992,SYD-BNE,Business,1176
10/5/1992,SYD-BNE,Business,1177
10/12/1992,SYD-BNE,Business,1281
10/19/1992,SYD-BNE,Business,1380
10/26/1992,SYD-BNE,Business,1281
11/2/1992,SYD-BNE,Business,1239
11/9/1992,SYD-BNE,Business,1481
11/16/1992,SYD-BNE,Business,1293
11/23/1992,SYD-BNE,Business,1406
6/29/1987,SYD-BNE,Economy,13292
7/6/1987,SYD-BNE,Economy,13817
7/13/1987,SYD-BNE,Economy,13103
7/20/1987,SYD-BNE,Economy,12130
7/27/1987,SYD-BNE,Economy,12091
8/3/1987,SYD-BNE,Economy,12018
8/10/1987,SYD-BNE,Economy,12349
8/17/1987,SYD-BNE,Economy,12553
8/24/1987,SYD-BNE,Economy,13014
8/31/1987,SYD-BNE,Economy,12259
9/7/1987,SYD-BNE,Economy,12067
9/14/1987,SYD-BNE,Economy,12844
9/28/1987,SYD-BNE,Economy,13835
10/5/1987,SYD-BNE,Economy,13964
10/12/1987,SYD-BNE,Economy,13556
10/19/1987,SYD-BNE,Economy,12493
10/26/1987,SYD-BNE,Economy,13575
11/2/1987,SYD-BNE,Economy,12822
11/9/1987,SYD-BNE,Economy,13162
11/16/1987,SYD-BNE,Economy,13521
11/23/1987,SYD-BNE,Economy,13526
11/30/1987,SYD-BNE,Economy,13725
12/7/1987,SYD-BNE,Economy,13587
12/14/1987,SYD-BNE,Economy,13145
12/21/1987,SYD-BNE,Economy,12886
12/28/1987,SYD-BNE,Economy,12729
1/4/1988,SYD-BNE,Economy,13431
1/4/1988,SYD-BNE,Economy,13136
1/11/1988,SYD-BNE,Economy,12640
1/18/1988,SYD-BNE,Economy,11824
1/25/1988,SYD-BNE,Economy,11768
2/1/1988,SYD-BNE,Economy,12546
2/8/1988,SYD-BNE,Economy,14358
2/15/1988,SYD-BNE,Economy,13713
2/22/1988,SYD-BNE,Economy,12992
2/29/1988,SYD-BNE,Economy,12984
3/7/1988,SYD-BNE,Economy,13936
3/14/1988,SYD-BNE,Economy,14580
3/21/1988,SYD-BNE,Economy,13511
3/28/1988,SYD-BNE,Economy,13470
4/4/1988,SYD-BNE,Economy,13476
4/11/1988,SYD-BNE,Economy,12893
4/18/1988,SYD-BNE,Economy,13231
4/25/1988,SYD-BNE,Economy,15990
5/2/1988,SYD-BNE,Economy,15711
5/9/1988,SYD-BNE,Economy,16454
5/16/1988,SYD-BNE,Economy,14759
5/23/1988,SYD-BNE,Economy,15231
5/30/1988,SYD-BNE,Economy,15892
6/6/1988,SYD-BNE,Economy,17149
6/13/1988,SYD-BNE,Economy,14974
6/20/1988,SYD-BNE,Economy,18367
6/27/1988,SYD-BNE,Economy,21826
7/4/1988,SYD-BNE,Economy,21677
7/11/1988,SYD-BNE,Economy,17779
7/18/1988,SYD-BNE,Economy,18895
7/25/1988,SYD-BNE,Economy,16983
8/1/1988,SYD-BNE,Economy,18879
8/8/1988,SYD-BNE,Economy,19131
8/15/1988,SYD-BNE,Economy,19784
8/22/1988,SYD-BNE,Economy,19439
8/29/1988,SYD-BNE,Economy,20118
9/5/1988,SYD-BNE,Economy,20517
9/12/1988,SYD-BNE,Economy,20213
9/19/1988,SYD-BNE,Economy,22542
9/26/1988,SYD-BNE,Economy,16579
10/3/1988,SYD-BNE,Economy,19598
10/10/1988,SYD-BNE,Economy,17172
10/17/1988,SYD-BNE,Economy,17405
10/24/1988,SYD-BNE,Economy,13399
10/31/1988,SYD-BNE,Economy,13261
11/7/1988,SYD-BNE,Economy,13500
11/14/1988,SYD-BNE,Economy,13287
11/21/1988,SYD-BNE,Economy,13029
11/28/1988,SYD-BNE,Economy,13029
12/5/1988,SYD-BNE,Economy,12848
12/12/1988,SYD-BNE,Economy,11910
12/19/1988,SYD-BNE,Economy,11375
12/26/1988,SYD-BNE,Economy,12465
1/2/1989,SYD-BNE,Economy,11869
1/9/1989,SYD-BNE,Economy,11663
1/16/1989,SYD-BNE,Economy,10925
1/23/1989,SYD-BNE,Economy,10770
1/30/1989,SYD-BNE,Economy,11736
2/6/1989,SYD-BNE,Economy,12800
2/13/1989,SYD-BNE,Economy,12038
2/20/1989,SYD-BNE,Economy,12974
2/27/1989,SYD-BNE,Economy,11386
3/6/1989,SYD-BNE,Economy,13666
3/13/1989,SYD-BNE,Economy,13830
3/20/1989,SYD-BNE,Economy,13825
3/27/1989,SYD-BNE,Economy,12193
4/3/1989,SYD-BNE,Economy,10939
4/10/1989,SYD-BNE,Economy,11645
4/17/1989,SYD-BNE,Economy,11125
4/24/1989,SYD-BNE,Economy,11303
5/1/1989,SYD-BNE,Economy,10538
5/8/1989,SYD-BNE,Economy,11310
5/15/1989,SYD-BNE,Economy,12022
5/22/1989,SYD-BNE,Economy,10945
5/29/1989,SYD-BNE,Economy,12452
6/5/1989,SYD-BNE,Economy,12218
6/12/1989,SYD-BNE,Economy,14406
6/19/1989,SYD-BNE,Economy,13867
6/26/1989,SYD-BNE,Economy,14223
7/3/1989,SYD-BNE,Economy,14115
7/10/1989,SYD-BNE,Economy,13075
7/17/1989,SYD-BNE,Economy,11230
7/24/1989,SYD-BNE,Economy,11091
7/31/1989,SYD-BNE,Economy,12670
8/7/1989,SYD-BNE,Economy,10683
8/14/1989,SYD-BNE,Economy,4172
8/21/1989,SYD-BNE,Economy,0
8/28/1989,SYD-BNE,Economy,0
9/4/1989,SYD-BNE,Economy,0
9/11/1989,SYD-BNE,Economy,0
9/18/1989,SYD-BNE,Economy,0
9/25/1989,SYD-BNE,Economy,0
10/2/1989,SYD-BNE,Economy,0
10/9/1989,SYD-BNE,Economy,4097
10/16/1989,SYD-BNE,Economy,4188
10/23/1989,SYD-BNE,Economy,4547
10/30/1989,SYD-BNE,Economy,6705
11/6/1989,SYD-BNE,Economy,10442
11/13/1989,SYD-BNE,Economy,10000
11/20/1989,SYD-BNE,Economy,10235
11/27/1989,SYD-BNE,Economy,10120
12/4/1989,SYD-BNE,Economy,11364
12/11/1989,SYD-BNE,Economy,10545
12/18/1989,SYD-BNE,Economy,10158
12/25/1989,SYD-BNE,Economy,12155
1/1/1990,SYD-BNE,Economy,10710
1/8/1990,SYD-BNE,Economy,13083
1/15/1990,SYD-BNE,Economy,14757
1/22/1990,SYD-BNE,Economy,11600
1/29/1990,SYD-BNE,Economy,10231
2/5/1990,SYD-BNE,Economy,11118
2/12/1990,SYD-BNE,Economy,10786
2/19/1990,SYD-BNE,Economy,10358
2/26/1990,SYD-BNE,Economy,10544
3/5/1990,SYD-BNE,Economy,10603
3/12/1990,SYD-BNE,Economy,11316
3/19/1990,SYD-BNE,Economy,11809
3/26/1990,SYD-BNE,Economy,12009
4/2/1990,SYD-BNE,Economy,14752
4/9/1990,SYD-BNE,Economy,15465
4/16/1990,SYD-BNE,Economy,13312
4/23/1990,SYD-BNE,Economy,11587
4/30/1990,SYD-BNE,Economy,11652
5/7/1990,SYD-BNE,Economy,11236
5/14/1990,SYD-BNE,Economy,11368
5/21/1990,SYD-BNE,Economy,10770
5/28/1990,SYD-BNE,Economy,13492
6/4/1990,SYD-BNE,Economy,13561
6/11/1990,SYD-BNE,Economy,12983
6/18/1990,SYD-BNE,Economy,15045
6/25/1990,SYD-BNE,Economy,15340
7/2/1990,SYD-BNE,Economy,15216
7/9/1990,SYD-BNE,Economy,13557
7/16/1990,SYD-BNE,Economy,13250
7/23/1990,SYD-BNE,Economy,12754
7/30/1990,SYD-BNE,Economy,13717
8/6/1990,SYD-BNE,Economy,14144
8/13/1990,SYD-BNE,Economy,14417
8/20/1990,SYD-BNE,Economy,14363
8/27/1990,SYD-BNE,Economy,14483
9/3/1990,SYD-BNE,Economy,14980
9/10/1990,SYD-BNE,Economy,16836
9/17/1990,SYD-BNE,Economy,15838
9/24/1990,SYD-BNE,Economy,17317
10/1/1990,SYD-BNE,Economy,14910
10/8/1990,SYD-BNE,Economy,14266
10/15/1990,SYD-BNE,Economy,13908
10/22/1990,SYD-BNE,Economy,13373
10/29/1990,SYD-BNE,Economy,13000
11/5/1990,SYD-BNE,Economy,13250
11/12/1990,SYD-BNE,Economy,14053
11/19/1990,SYD-BNE,Economy,14267
11/26/1990,SYD-BNE,Economy,14160
12/3/1990,SYD-BNE,Economy,14581
12/10/1990,SYD-BNE,Economy,16422
12/17/1990,SYD-BNE,Economy,15038
12/24/1990,SYD-BNE,Economy,15808
1/7/1991,SYD-BNE,Economy,14635
1/14/1991,SYD-BNE,Economy,15005
1/21/1991,SYD-BNE,Economy,14845
1/28/1991,SYD-BNE,Economy,12367
2/4/1991,SYD-BNE,Economy,13495
2/11/1991,SYD-BNE,Economy,13382
2/18/1991,SYD-BNE,Economy,13619
2/25/1991,SYD-BNE,Economy,12759
3/4/1991,SYD-BNE,Economy,11605
3/11/1991,SYD-BNE,Economy,12660
3/18/1991,SYD-BNE,Economy,12056
3/25/1991,SYD-BNE,Economy,14875
4/1/1991,SYD-BNE,Economy,13297
4/8/1991,SYD-BNE,Economy,13699
4/15/1991,SYD-BNE,Economy,13008
4/22/1991,SYD-BNE,Economy,13670
4/29/1991,SYD-BNE,Economy,14050
5/6/1991,SYD-BNE,Economy,13488
5/13/1991,SYD-BNE,Economy,14215
5/20/1991,SYD-BNE,Economy,13630
5/27/1991,SYD-BNE,Economy,13660
6/3/1991,SYD-BNE,Economy,13932
6/10/1991,SYD-BNE,Economy,16136
6/17/1991,SYD-BNE,Economy,16118
6/24/1991,SYD-BNE,Economy,15830
7/1/1991,SYD-BNE,Economy,18003
7/8/1991,SYD-BNE,Economy,19442
7/15/1991,SYD-BNE,Economy,19820
7/22/1991,SYD-BNE,Economy,18040
7/29/1991,SYD-BNE,Economy,16621
8/5/1991,SYD-BNE,Economy,17490
8/12/1991,SYD-BNE,Economy,18425
8/19/1991,SYD-BNE,Economy,18620
8/26/1991,SYD-BNE,Economy,18780
9/2/1991,SYD-BNE,Economy,19590
9/9/1991,SYD-BNE,Economy,19965
9/16/1991,SYD-BNE,Economy,20675
9/23/1991,SYD-BNE,Economy,21004
9/30/1991,SYD-BNE,Economy,22770
10/7/1991,SYD-BNE,Economy,22335
10/14/1991,SYD-BNE,Economy,21700
10/21/1991,SYD-BNE,Economy,19867
10/28/1991,SYD-BNE,Economy,18561
11/4/1991,SYD-BNE,Economy,18511
11/11/1991,SYD-BNE,Economy,20316
11/18/1991,SYD-BNE,Economy,19699
11/25/1991,SYD-BNE,Economy,20163
12/2/1991,SYD-BNE,Economy,17344
12/9/1991,SYD-BNE,Economy,16967
12/16/1991,SYD-BNE,Economy,19076
12/23/1991,SYD-BNE,Economy,22248
12/30/1991,SYD-BNE,Economy,21741
1/6/1992,SYD-BNE,Economy,21103
1/13/1992,SYD-BNE,Economy,19486
1/20/1992,SYD-BNE,Economy,18503
1/27/1992,SYD-BNE,Economy,16502
2/3/1992,SYD-BNE,Economy,15414
2/10/1992,SYD-BNE,Economy,17317
2/17/1992,SYD-BNE,Economy,16995
2/24/1992,SYD-BNE,Economy,16099
3/2/1992,SYD-BNE,Economy,15234
3/9/1992,SYD-BNE,Economy,15236
3/16/1992,SYD-BNE,Economy,15406
3/23/1992,SYD-BNE,Economy,12665
3/30/1992,SYD-BNE,Economy,12038
4/6/1992,SYD-BNE,Economy,12566
4/13/1992,SYD-BNE,Economy,15869
4/20/1992,SYD-BNE,Economy,15399
4/27/1992,SYD-BNE,Economy,12437
5/4/1992,SYD-BNE,Economy,11981
5/11/1992,SYD-BNE,Economy,12006
5/18/1992,SYD-BNE,Economy,13315
5/25/1992,SYD-BNE,Economy,12415
6/1/1992,SYD-BNE,Economy,14444
6/8/1992,SYD-BNE,Economy,14109
6/15/1992,SYD-BNE,Economy,15411
6/22/1992,SYD-BNE,Economy,16466
6/29/1992,SYD-BNE,Economy,18798
7/6/1992,SYD-BNE,Economy,17499
7/13/1992,SYD-BNE,Economy,20474
7/20/1992,SYD-BNE,Economy,18394
7/27/1992,SYD-BNE,Economy,17462
8/3/1992,SYD-BNE,Economy,16751
8/10/1992,SYD-BNE,Economy,17471
8/17/1992,SYD-BNE,Economy,18263
8/24/1992,SYD-BNE,Economy,18162
8/31/1992,SYD-BNE,Economy,17316
9/7/1992,SYD-BNE,Economy,18107
9/14/1992,SYD-BNE,Economy,19876
9/21/1992,SYD-BNE,Economy,19745
9/28/1992,SYD-BNE,Economy,20766
10/5/1992,SYD-BNE,Economy,19809
10/12/1992,SYD-BNE,Economy,17856
10/19/1992,SYD-BNE,Economy,17311
10/26/1992,SYD-BNE,Economy,17674
11/2/1992,SYD-BNE,Economy,16481
11/9/1992,SYD-BNE,Economy,16375
11/16/1992,SYD-BNE,Economy,16906
11/23/1992,SYD-BNE,Economy,17649
6/29/1987,SYD-BNE,First,993
7/6/1987,SYD-BNE,First,945
7/13/1987,SYD-BNE,First,1043
7/20/1987,SYD-BNE,First,1091
7/27/1987,SYD-BNE,First,1054
8/3/1987,SYD-BNE,First,1190
8/10/1987,SYD-BNE,First,1010
8/17/1987,SYD-BNE,First,1112
8/24/1987,SYD-BNE,First,1162
8/31/1987,SYD-BNE,First,1032
9/7/1987,SYD-BNE,First,1006
9/14/1987,SYD-BNE,First,1219
9/28/1987,SYD-BNE,First,1102
10/5/1987,SYD-BNE,First,1075
10/12/1987,SYD-BNE,First,1067
10/19/1987,SYD-BNE,First,985
10/26/1987,SYD-BNE,First,1166
11/2/1987,SYD-BNE,First,1032
11/9/1987,SYD-BNE,First,1163
11/16/1987,SYD-BNE,First,1222
11/23/1987,SYD-BNE,First,1217
11/30/1987,SYD-BNE,First,1131
12/7/1987,SYD-BNE,First,1170
12/14/1987,SYD-BNE,First,952
12/21/1987,SYD-BNE,First,522
12/28/1987,SYD-BNE,First,395
1/4/1988,SYD-BNE,First,626
1/4/1988,SYD-BNE,First,737
1/11/1988,SYD-BNE,First,841
1/18/1988,SYD-BNE,First,935
1/25/1988,SYD-BNE,First,1074
2/1/1988,SYD-BNE,First,1202
2/8/1988,SYD-BNE,First,1231
2/15/1988,SYD-BNE,First,1278
2/22/1988,SYD-BNE,First,1138
2/29/1988,SYD-BNE,First,1023
3/7/1988,SYD-BNE,First,1193
3/14/1988,SYD-BNE,First,1251
3/21/1988,SYD-BNE,First,807
3/28/1988,SYD-BNE,First,738
4/4/1988,SYD-BNE,First,1140
4/11/1988,SYD-BNE,First,1313
4/18/1988,SYD-BNE,First,1277
4/25/1988,SYD-BNE,First,1510
5/2/1988,SYD-BNE,First,1441
5/9/1988,SYD-BNE,First,1380
5/16/1988,SYD-BNE,First,1381
5/23/1988,SYD-BNE,First,1269
5/30/1988,SYD-BNE,First,1371
6/6/1988,SYD-BNE,First,1191
6/13/1988,SYD-BNE,First,1285
6/20/1988,SYD-BNE,First,1484
6/27/1988,SYD-BNE,First,1437
7/4/1988,SYD-BNE,First,1480
7/11/1988,SYD-BNE,First,1501
7/18/1988,SYD-BNE,First,1314
7/25/1988,SYD-BNE,First,1258
8/1/1988,SYD-BNE,First,1095
8/8/1988,SYD-BNE,First,1273
8/15/1988,SYD-BNE,First,1353
8/22/1988,SYD-BNE,First,1447
8/29/1988,SYD-BNE,First,1307
9/5/1988,SYD-BNE,First,1457
9/12/1988,SYD-BNE,First,1339
9/19/1988,SYD-BNE,First,1444
9/26/1988,SYD-BNE,First,1007
10/3/1988,SYD-BNE,First,1220
10/10/1988,SYD-BNE,First,1030
10/17/1988,SYD-BNE,First,1283
10/24/1988,SYD-BNE,First,1152
10/31/1988,SYD-BNE,First,1211
11/7/1988,SYD-BNE,First,1262
11/14/1988,SYD-BNE,First,1279
11/21/1988,SYD-BNE,First,1210
11/28/1988,SYD-BNE,First,1198
12/5/1988,SYD-BNE,First,1095
12/12/1988,SYD-BNE,First,869
12/19/1988,SYD-BNE,First,466
12/26/1988,SYD-BNE,First,550
1/2/1989,SYD-BNE,First,679
1/9/1989,SYD-BNE,First,872
1/16/1989,SYD-BNE,First,890
1/23/1989,SYD-BNE,First,914
1/30/1989,SYD-BNE,First,1254
2/6/1989,SYD-BNE,First,1248
2/13/1989,SYD-BNE,First,1156
2/20/1989,SYD-BNE,First,1154
2/27/1989,SYD-BNE,First,1172
3/6/1989,SYD-BNE,First,1327
3/13/1989,SYD-BNE,First,1025
3/20/1989,SYD-BNE,First,860
3/27/1989,SYD-BNE,First,1002
4/3/1989,SYD-BNE,First,1023
4/10/1989,SYD-BNE,First,1241
4/17/1989,SYD-BNE,First,993
4/24/1989,SYD-BNE,First,1151
5/1/1989,SYD-BNE,First,1098
5/8/1989,SYD-BNE,First,1141
5/15/1989,SYD-BNE,First,1077
5/22/1989,SYD-BNE,First,1000
5/29/1989,SYD-BNE,First,1205
6/5/1989,SYD-BNE,First,956
6/12/1989,SYD-BNE,First,1063
6/19/1989,SYD-BNE,First,1042
6/26/1989,SYD-BNE,First,949
7/3/1989,SYD-BNE,First,1048
7/10/1989,SYD-BNE,First,976
7/17/1989,SYD-BNE,First,941
7/24/1989,SYD-BNE,First,851
7/31/1989,SYD-BNE,First,1008
8/7/1989,SYD-BNE,First,798
8/14/1989,SYD-BNE,First,254
8/21/1989,SYD-BNE,First,0
8/28/1989,SYD-BNE,First,0
9/4/1989,SYD-BNE,First,0
9/11/1989,SYD-BNE,First,0
9/18/1989,SYD-BNE,First,0
9/25/1989,SYD-BNE,First,0
10/2/1989,SYD-BNE,First,0
10/9/1989,SYD-BNE,First,20
10/16/1989,SYD-BNE,First,5
10/23/1989,SYD-BNE,First,151
10/30/1989,SYD-BNE,First,246
11/6/1989,SYD-BNE,First,234
11/13/1989,SYD-BNE,First,244
11/20/1989,SYD-BNE,First,312
11/27/1989,SYD-BNE,First,267
12/4/1989,SYD-BNE,First,272
12/11/1989,SYD-BNE,First,414
12/18/1989,SYD-BNE,First,172
12/25/1989,SYD-BNE,First,259
1/1/1990,SYD-BNE,First,314
1/8/1990,SYD-BNE,First,428
1/15/1990,SYD-BNE,First,558
1/22/1990,SYD-BNE,First,498
1/29/1990,SYD-BNE,First,683
2/5/1990,SYD-BNE,First,678
2/12/1990,SYD-BNE,First,729
2/19/1990,SYD-BNE,First,673
2/26/1990,SYD-BNE,First,726
3/5/1990,SYD-BNE,First,637
3/12/1990,SYD-BNE,First,675
3/19/1990,SYD-BNE,First,651
3/26/1990,SYD-BNE,First,757
4/2/1990,SYD-BNE,First,598
4/9/1990,SYD-BNE,First,600
4/16/1990,SYD-BNE,First,644
4/23/1990,SYD-BNE,First,732
4/30/1990,SYD-BNE,First,671
5/7/1990,SYD-BNE,First,650
5/14/1990,SYD-BNE,First,644
5/21/1990,SYD-BNE,First,660
5/28/1990,SYD-BNE,First,647
6/4/1990,SYD-BNE,First,636
6/11/1990,SYD-BNE,First,716
6/18/1990,SYD-BNE,First,723
6/25/1990,SYD-BNE,First,672
7/2/1990,SYD-BNE,First,582
7/9/1990,SYD-BNE,First,656
7/16/1990,SYD-BNE,First,672
7/23/1990,SYD-BNE,First,586
7/30/1990,SYD-BNE,First,603
8/6/1990,SYD-BNE,First,628
8/13/1990,SYD-BNE,First,661
8/20/1990,SYD-BNE,First,651
8/27/1990,SYD-BNE,First,634
9/3/1990,SYD-BNE,First,584
9/10/1990,SYD-BNE,First,702
9/17/1990,SYD-BNE,First,580
9/24/1990,SYD-BNE,First,590
10/1/1990,SYD-BNE,First,755
10/8/1990,SYD-BNE,First,635
10/15/1990,SYD-BNE,First,757
10/22/1990,SYD-BNE,First,590
10/29/1990,SYD-BNE,First,551
11/5/1990,SYD-BNE,First,610
11/12/1990,SYD-BNE,First,684
11/19/1990,SYD-BNE,First,690
11/26/1990,SYD-BNE,First,530
12/3/1990,SYD-BNE,First,648
12/10/1990,SYD-BNE,First,505
12/17/1990,SYD-BNE,First,189
12/24/1990,SYD-BNE,First,201
1/7/1991,SYD-BNE,First,295
1/14/1991,SYD-BNE,First,409
1/21/1991,SYD-BNE,First,408
1/28/1991,SYD-BNE,First,317
2/4/1991,SYD-BNE,First,489
2/11/1991,SYD-BNE,First,428
2/18/1991,SYD-BNE,First,497
2/25/1991,SYD-BNE,First,453
3/4/1991,SYD-BNE,First,423
3/11/1991,SYD-BNE,First,461
3/18/1991,SYD-BNE,First,455
3/25/1991,SYD-BNE,First,400
4/1/1991,SYD-BNE,First,339
4/8/1991,SYD-BNE,First,422
4/15/1991,SYD-BNE,First,382
4/22/1991,SYD-BNE,First,401
4/29/1991,SYD-BNE,First,467
5/6/1991,SYD-BNE,First,397
5/13/1991,SYD-BNE,First,372
5/20/1991,SYD-BNE,First,444
5/27/1991,SYD-BNE,First,416
6/3/1991,SYD-BNE,First,379
6/10/1991,SYD-BNE,First,499
6/17/1991,SYD-BNE,First,465
6/24/1991,SYD-BNE,First,458
7/1/1991,SYD-BNE,First,468
7/8/1991,SYD-BNE,First,448
7/15/1991,SYD-BNE,First,422
7/22/1991,SYD-BNE,First,534
7/29/1991,SYD-BNE,First,362
8/5/1991,SYD-BNE,First,425
8/12/1991,SYD-BNE,First,343
8/19/1991,SYD-BNE,First,458
8/26/1991,SYD-BNE,First,462
9/2/1991,SYD-BNE,First,447
9/9/1991,SYD-BNE,First,343
9/16/1991,SYD-BNE,First,459
9/23/1991,SYD-BNE,First,546
9/30/1991,SYD-BNE,First,517
10/7/1991,SYD-BNE,First,464
10/14/1991,SYD-BNE,First,423
10/21/1991,SYD-BNE,First,402
10/28/1991,SYD-BNE,First,398
11/4/1991,SYD-BNE,First,376
11/11/1991,SYD-BNE,First,470
11/18/1991,SYD-BNE,First,458
11/25/1991,SYD-BNE,First,407
12/2/1991,SYD-BNE,First,356
12/9/1991,SYD-BNE,First,419
12/16/1991,SYD-BNE,First,407
12/23/1991,SYD-BNE,First,233
12/30/1991,SYD-BNE,First,263
1/6/1992,SYD-BNE,First,261
1/13/1992,SYD-BNE,First,261
1/20/1992,SYD-BNE,First,232
1/27/1992,SYD-BNE,First,326
2/3/1992,SYD-BNE,First,608
2/10/1992,SYD-BNE,First,920
2/17/1992,SYD-BNE,First,929
2/24/1992,SYD-BNE,First,859
3/2/1992,SYD-BNE,First,925
3/9/1992,SYD-BNE,First,899
3/16/1992,SYD-BNE,First,967
3/23/1992,SYD-BNE,First,1119
3/30/1992,SYD-BNE,First,929
4/6/1992,SYD-BNE,First,924
4/13/1992,SYD-BNE,First,886
4/20/1992,SYD-BNE,First,841
4/27/1992,SYD-BNE,First,906
5/4/1992,SYD-BNE,First,915
5/11/1992,SYD-BNE,First,894
5/18/1992,SYD-BNE,First,947
5/25/1992,SYD-BNE,First,820
6/1/1992,SYD-BNE,First,879
6/8/1992,SYD-BNE,First,724
6/15/1992,SYD-BNE,First,794
6/22/1992,SYD-BNE,First,709
6/29/1992,SYD-BNE,First,711
7/6/1992,SYD-BNE,First,685
7/13/1992,SYD-BNE,First,658
7/20/1992,SYD-BNE,First,615
7/27/1992,SYD-BNE,First,619
8/3/1992,SYD-BNE,First,608
8/10/1992,SYD-BNE,First,585
8/17/1992,SYD-BNE,First,672
8/24/1992,SYD-BNE,First,719
8/31/1992,SYD-BNE,First,710
9/7/1992,SYD-BNE,First,707
9/14/1992,SYD-BNE,First,762
9/21/1992,SYD-BNE,First,663
9/28/1992,SYD-BNE,First,715
10/5/1992,SYD-BNE,First,675
10/12/1992,SYD-BNE,First,667
10/19/1992,SYD-BNE,First,748
10/26/1992,SYD-BNE,First,736
11/2/1992,SYD-BNE,First,605
11/9/1992,SYD-BNE,First,719
11/16/1992,SYD-BNE,First,694
11/23/1992,SYD-BNE,First,773
7/10/1989,SYD-OOL,Business,136
7/17/1989,SYD-OOL,Business,166
7/24/1989,SYD-OOL,Business,150
7/31/1989,SYD-OOL,Business,220
8/7/1989,SYD-OOL,Business,197
8/14/1989,SYD-OOL,Business,95
8/21/1989,SYD-OOL,Business,0
8/28/1989,SYD-OOL,Business,0
9/4/1989,SYD-OOL,Business,0
9/11/1989,SYD-OOL,Business,0
9/18/1989,SYD-OOL,Business,0
9/25/1989,SYD-OOL,Business,0
10/2/1989,SYD-OOL,Business,0
10/9/1989,SYD-OOL,Business,0
10/16/1989,SYD-OOL,Business,0
10/23/1989,SYD-OOL,Business,19
10/30/1989,SYD-OOL,Business,0
11/6/1989,SYD-OOL,Business,5
11/13/1989,SYD-OOL,Business,10
11/20/1989,SYD-OOL,Business,10
11/27/1989,SYD-OOL,Business,27
12/4/1989,SYD-OOL,Business,39
12/11/1989,SYD-OOL,Business,42
12/18/1989,SYD-OOL,Business,73
12/25/1989,SYD-OOL,Business,38
1/1/1990,SYD-OOL,Business,18
1/8/1990,SYD-OOL,Business,94
1/15/1990,SYD-OOL,Business,118
1/22/1990,SYD-OOL,Business,101
1/29/1990,SYD-OOL,Business,158
2/5/1990,SYD-OOL,Business,158
2/12/1990,SYD-OOL,Business,165
2/19/1990,SYD-OOL,Business,163
2/26/1990,SYD-OOL,Business,156
3/5/1990,SYD-OOL,Business,127
3/12/1990,SYD-OOL,Business,141
3/19/1990,SYD-OOL,Business,123
3/26/1990,SYD-OOL,Business,113
4/2/1990,SYD-OOL,Business,201
4/9/1990,SYD-OOL,Business,228
4/16/1990,SYD-OOL,Business,151
4/23/1990,SYD-OOL,Business,258
4/30/1990,SYD-OOL,Business,205
5/7/1990,SYD-OOL,Business,175
5/14/1990,SYD-OOL,Business,149
5/21/1990,SYD-OOL,Business,105
5/28/1990,SYD-OOL,Business,212
6/4/1990,SYD-OOL,Business,155
6/11/1990,SYD-OOL,Business,146
6/18/1990,SYD-OOL,Business,88
6/25/1990,SYD-OOL,Business,134
7/2/1990,SYD-OOL,Business,221
7/9/1990,SYD-OOL,Business,180
7/16/1990,SYD-OOL,Business,146
7/23/1990,SYD-OOL,Business,159
7/30/1990,SYD-OOL,Business,115
8/6/1990,SYD-OOL,Business,183
8/13/1990,SYD-OOL,Business,137
8/20/1990,SYD-OOL,Business,211
8/27/1990,SYD-OOL,Business,206
9/3/1990,SYD-OOL,Business,161
9/10/1990,SYD-OOL,Business,172
9/17/1990,SYD-OOL,Business,188
9/24/1990,SYD-OOL,Business,240
10/1/1990,SYD-OOL,Business,239
10/8/1990,SYD-OOL,Business,214
10/15/1990,SYD-OOL,Business,182
10/22/1990,SYD-OOL,Business,157
10/29/1990,SYD-OOL,Business,248
11/5/1990,SYD-OOL,Business,184
11/12/1990,SYD-OOL,Business,183
11/19/1990,SYD-OOL,Business,194
11/26/1990,SYD-OOL,Business,117
12/3/1990,SYD-OOL,Business,191
12/10/1990,SYD-OOL,Business,135
12/17/1990,SYD-OOL,Business,126
12/24/1990,SYD-OOL,Business,222
1/7/1991,SYD-OOL,Business,159
1/14/1991,SYD-OOL,Business,181
1/21/1991,SYD-OOL,Business,146
1/28/1991,SYD-OOL,Business,98
2/4/1991,SYD-OOL,Business,103
2/11/1991,SYD-OOL,Business,123
2/18/1991,SYD-OOL,Business,125
2/25/1991,SYD-OOL,Business,110
3/4/1991,SYD-OOL,Business,106
3/11/1991,SYD-OOL,Business,161
3/18/1991,SYD-OOL,Business,197
3/25/1991,SYD-OOL,Business,201
4/1/1991,SYD-OOL,Business,134
4/8/1991,SYD-OOL,Business,170
4/15/1991,SYD-OOL,Business,135
4/22/1991,SYD-OOL,Business,157
4/29/1991,SYD-OOL,Business,210
5/6/1991,SYD-OOL,Business,122
5/13/1991,SYD-OOL,Business,144
5/20/1991,SYD-OOL,Business,140
5/27/1991,SYD-OOL,Business,119
6/3/1991,SYD-OOL,Business,163
6/10/1991,SYD-OOL,Business,135
6/17/1991,SYD-OOL,Business,144
6/24/1991,SYD-OOL,Business,92
7/1/1991,SYD-OOL,Business,101
7/8/1991,SYD-OOL,Business,93
7/15/1991,SYD-OOL,Business,164
7/22/1991,SYD-OOL,Business,142
7/29/1991,SYD-OOL,Business,115
8/5/1991,SYD-OOL,Business,111
8/12/1991,SYD-OOL,Business,129
8/19/1991,SYD-OOL,Business,96
8/26/1991,SYD-OOL,Business,74
9/2/1991,SYD-OOL,Business,123
9/9/1991,SYD-OOL,Business,100
9/16/1991,SYD-OOL,Business,75
9/23/1991,SYD-OOL,Business,122
9/30/1991,SYD-OOL,Business,144
10/7/1991,SYD-OOL,Business,126
10/14/1991,SYD-OOL,Business,156
10/21/1991,SYD-OOL,Business,107
10/28/1991,SYD-OOL,Business,138
11/4/1991,SYD-OOL,Business,120
11/11/1991,SYD-OOL,Business,164
11/18/1991,SYD-OOL,Business,134
11/25/1991,SYD-OOL,Business,112
12/2/1991,SYD-OOL,Business,97
12/9/1991,SYD-OOL,Business,100
12/16/1991,SYD-OOL,Business,104
12/23/1991,SYD-OOL,Business,59
12/30/1991,SYD-OOL,Business,155
1/6/1992,SYD-OOL,Business,85
1/13/1992,SYD-OOL,Business,93
1/20/1992,SYD-OOL,Business,86
1/27/1992,SYD-OOL,Business,83
2/3/1992,SYD-OOL,Business,82
2/10/1992,SYD-OOL,Business,97
2/17/1992,SYD-OOL,Business,89
2/24/1992,SYD-OOL,Business,136
3/2/1992,SYD-OOL,Business,105
3/9/1992,SYD-OOL,Business,84
3/16/1992,SYD-OOL,Business,253
3/23/1992,SYD-OOL,Business,655
3/30/1992,SYD-OOL,Business,399
4/6/1992,SYD-OOL,Business,555
4/13/1992,SYD-OOL,Business,636
4/20/1992,SYD-OOL,Business,630
4/27/1992,SYD-OOL,Business,527
5/4/1992,SYD-OOL,Business,386
5/11/1992,SYD-OOL,Business,622
5/18/1992,SYD-OOL,Business,487
5/25/1992,SYD-OOL,Business,437
6/1/1992,SYD-OOL,Business,419
6/8/1992,SYD-OOL,Business,463
6/15/1992,SYD-OOL,Business,295
6/22/1992,SYD-OOL,Business,240
6/29/1992,SYD-OOL,Business,255
7/6/1992,SYD-OOL,Business,355
7/13/1992,SYD-OOL,Business,343
7/20/1992,SYD-OOL,Business,270
7/27/1992,SYD-OOL,Business,233
8/3/1992,SYD-OOL,Business,186
8/10/1992,SYD-OOL,Business,255
8/17/1992,SYD-OOL,Business,266
8/24/1992,SYD-OOL,Business,280
8/31/1992,SYD-OOL,Business,231
9/7/1992,SYD-OOL,Business,200
9/14/1992,SYD-OOL,Business,293
9/21/1992,SYD-OOL,Business,235
9/28/1992,SYD-OOL,Business,318
10/5/1992,SYD-OOL,Business,359
10/12/1992,SYD-OOL,Business,269
10/19/1992,SYD-OOL,Business,167
10/26/1992,SYD-OOL,Business,251
11/2/1992,SYD-OOL,Business,234
11/9/1992,SYD-OOL,Business,259
11/16/1992,SYD-OOL,Business,339
11/23/1992,SYD-OOL,Business,309
6/29/1987,SYD-OOL,Economy,3013
7/6/1987,SYD-OOL,Economy,3431
7/13/1987,SYD-OOL,Economy,3606
7/20/1987,SYD-OOL,Economy,2740
7/27/1987,SYD-OOL,Economy,2491
8/3/1987,SYD-OOL,Economy,2725
8/10/1987,SYD-OOL,Economy,3205
8/17/1987,SYD-OOL,Economy,3417
8/24/1987,SYD-OOL,Economy,4042
8/31/1987,SYD-OOL,Economy,3287
9/7/1987,SYD-OOL,Economy,3680
9/14/1987,SYD-OOL,Economy,3912
9/28/1987,SYD-OOL,Economy,4858
10/5/1987,SYD-OOL,Economy,5451
10/12/1987,SYD-OOL,Economy,4290
10/19/1987,SYD-OOL,Economy,4184
10/26/1987,SYD-OOL,Economy,4039
11/2/1987,SYD-OOL,Economy,4036
11/9/1987,SYD-OOL,Economy,3885
11/16/1987,SYD-OOL,Economy,3747
11/23/1987,SYD-OOL,Economy,3386
11/30/1987,SYD-OOL,Economy,3649
12/7/1987,SYD-OOL,Economy,3452
12/14/1987,SYD-OOL,Economy,3508
12/21/1987,SYD-OOL,Economy,4595
12/28/1987,SYD-OOL,Economy,5754
1/4/1988,SYD-OOL,Economy,6345
1/4/1988,SYD-OOL,Economy,5739
1/11/1988,SYD-OOL,Economy,5095
1/18/1988,SYD-OOL,Economy,4631
1/25/1988,SYD-OOL,Economy,3967
2/1/1988,SYD-OOL,Economy,3692
2/8/1988,SYD-OOL,Economy,4381
2/15/1988,SYD-OOL,Economy,3936
2/22/1988,SYD-OOL,Economy,3531
2/29/1988,SYD-OOL,Economy,3500
3/7/1988,SYD-OOL,Economy,3553
3/14/1988,SYD-OOL,Economy,3661
3/21/1988,SYD-OOL,Economy,5242
3/28/1988,SYD-OOL,Economy,4884
4/4/1988,SYD-OOL,Economy,3526
4/11/1988,SYD-OOL,Economy,3346
4/18/1988,SYD-OOL,Economy,3323
4/25/1988,SYD-OOL,Economy,3789
5/2/1988,SYD-OOL,Economy,3651
5/9/1988,SYD-OOL,Economy,4036
5/16/1988,SYD-OOL,Economy,3750
5/23/1988,SYD-OOL,Economy,3732
5/30/1988,SYD-OOL,Economy,3896
6/6/1988,SYD-OOL,Economy,4397
6/13/1988,SYD-OOL,Economy,4363
6/20/1988,SYD-OOL,Economy,4764
6/27/1988,SYD-OOL,Economy,5610
7/4/1988,SYD-OOL,Economy,5172
7/11/1988,SYD-OOL,Economy,4679
7/18/1988,SYD-OOL,Economy,4344
7/25/1988,SYD-OOL,Economy,4347
8/1/1988,SYD-OOL,Economy,4875
8/8/1988,SYD-OOL,Economy,4720
8/15/1988,SYD-OOL,Economy,5060
8/22/1988,SYD-OOL,Economy,4673
8/29/1988,SYD-OOL,Economy,4740
9/5/1988,SYD-OOL,Economy,5335
9/12/1988,SYD-OOL,Economy,5848
9/19/1988,SYD-OOL,Economy,6496
9/26/1988,SYD-OOL,Economy,5356
10/3/1988,SYD-OOL,Economy,5380
10/10/1988,SYD-OOL,Economy,4798
10/17/1988,SYD-OOL,Economy,4647
10/24/1988,SYD-OOL,Economy,4280
10/31/1988,SYD-OOL,Economy,4471
11/7/1988,SYD-OOL,Economy,4269
11/14/1988,SYD-OOL,Economy,4266
11/21/1988,SYD-OOL,Economy,4176
11/28/1988,SYD-OOL,Economy,3963
12/5/1988,SYD-OOL,Economy,4193
12/12/1988,SYD-OOL,Economy,4101
12/19/1988,SYD-OOL,Economy,5803
12/26/1988,SYD-OOL,Economy,6220
1/2/1989,SYD-OOL,Economy,5248
1/9/1989,SYD-OOL,Economy,4711
1/16/1989,SYD-OOL,Economy,4345
1/23/1989,SYD-OOL,Economy,3621
1/30/1989,SYD-OOL,Economy,4537
2/6/1989,SYD-OOL,Economy,4351
2/13/1989,SYD-OOL,Economy,3806
2/20/1989,SYD-OOL,Economy,4036
2/27/1989,SYD-OOL,Economy,3571
3/6/1989,SYD-OOL,Economy,3706
3/13/1989,SYD-OOL,Economy,5322
3/20/1989,SYD-OOL,Economy,5160
3/27/1989,SYD-OOL,Economy,3917
4/3/1989,SYD-OOL,Economy,3343
4/10/1989,SYD-OOL,Economy,2551
4/17/1989,SYD-OOL,Economy,3512
4/24/1989,SYD-OOL,Economy,3691
5/1/1989,SYD-OOL,Economy,2821
5/8/1989,SYD-OOL,Economy,3116
5/15/1989,SYD-OOL,Economy,3057
5/22/1989,SYD-OOL,Economy,2594
5/29/1989,SYD-OOL,Economy,3110
6/5/1989,SYD-OOL,Economy,3631
6/12/1989,SYD-OOL,Economy,3501
6/19/1989,SYD-OOL,Economy,3172
6/26/1989,SYD-OOL,Economy,3921
7/3/1989,SYD-OOL,Economy,3379
7/10/1989,SYD-OOL,Economy,2909
7/17/1989,SYD-OOL,Economy,2855
7/24/1989,SYD-OOL,Economy,3085
7/31/1989,SYD-OOL,Economy,3175
8/7/1989,SYD-OOL,Economy,2773
8/14/1989,SYD-OOL,Economy,1353
8/21/1989,SYD-OOL,Economy,0
8/28/1989,SYD-OOL,Economy,0
9/4/1989,SYD-OOL,Economy,0
9/11/1989,SYD-OOL,Economy,0
9/18/1989,SYD-OOL,Economy,0
9/25/1989,SYD-OOL,Economy,0
10/2/1989,SYD-OOL,Economy,0
10/9/1989,SYD-OOL,Economy,0
10/16/1989,SYD-OOL,Economy,0
10/23/1989,SYD-OOL,Economy,324
10/30/1989,SYD-OOL,Economy,0
11/6/1989,SYD-OOL,Economy,263
11/13/1989,SYD-OOL,Economy,680
11/20/1989,SYD-OOL,Economy,1282
11/27/1989,SYD-OOL,Economy,2093
12/4/1989,SYD-OOL,Economy,2293
12/11/1989,SYD-OOL,Economy,2533
12/18/1989,SYD-OOL,Economy,3207
12/25/1989,SYD-OOL,Economy,4692
1/1/1990,SYD-OOL,Economy,4739
1/8/1990,SYD-OOL,Economy,3841
1/15/1990,SYD-OOL,Economy,3752
1/22/1990,SYD-OOL,Economy,3728
1/29/1990,SYD-OOL,Economy,2956
2/5/1990,SYD-OOL,Economy,3146
2/12/1990,SYD-OOL,Economy,3085
2/19/1990,SYD-OOL,Economy,2808
2/26/1990,SYD-OOL,Economy,2458
3/5/1990,SYD-OOL,Economy,2343
3/12/1990,SYD-OOL,Economy,2364
3/19/1990,SYD-OOL,Economy,2391
3/26/1990,SYD-OOL,Economy,2786
4/2/1990,SYD-OOL,Economy,4388
4/9/1990,SYD-OOL,Economy,5270
4/16/1990,SYD-OOL,Economy,3519
4/23/1990,SYD-OOL,Economy,3716
4/30/1990,SYD-OOL,Economy,3101
5/7/1990,SYD-OOL,Economy,2970
5/14/1990,SYD-OOL,Economy,2802
5/21/1990,SYD-OOL,Economy,2523
5/28/1990,SYD-OOL,Economy,3280
6/4/1990,SYD-OOL,Economy,3176
6/11/1990,SYD-OOL,Economy,2738
6/18/1990,SYD-OOL,Economy,2849
6/25/1990,SYD-OOL,Economy,2942
7/2/1990,SYD-OOL,Economy,3477
7/9/1990,SYD-OOL,Economy,3509
7/16/1990,SYD-OOL,Economy,2476
7/23/1990,SYD-OOL,Economy,2637
7/30/1990,SYD-OOL,Economy,2603
8/6/1990,SYD-OOL,Economy,2869
8/13/1990,SYD-OOL,Economy,2621
8/20/1990,SYD-OOL,Economy,3040
8/27/1990,SYD-OOL,Economy,3295
9/3/1990,SYD-OOL,Economy,3685
9/10/1990,SYD-OOL,Economy,5005
9/17/1990,SYD-OOL,Economy,4622
9/24/1990,SYD-OOL,Economy,5115
10/1/1990,SYD-OOL,Economy,4005
10/8/1990,SYD-OOL,Economy,3994
10/15/1990,SYD-OOL,Economy,3696
10/22/1990,SYD-OOL,Economy,3634
10/29/1990,SYD-OOL,Economy,3402
11/5/1990,SYD-OOL,Economy,3672
11/12/1990,SYD-OOL,Economy,3462
11/19/1990,SYD-OOL,Economy,3589
11/26/1990,SYD-OOL,Economy,3931
12/3/1990,SYD-OOL,Economy,3932
12/10/1990,SYD-OOL,Economy,4540
12/17/1990,SYD-OOL,Economy,5962
12/24/1990,SYD-OOL,Economy,6091
1/7/1991,SYD-OOL,Economy,5732
1/14/1991,SYD-OOL,Economy,5320
1/21/1991,SYD-OOL,Economy,4778
1/28/1991,SYD-OOL,Economy,4051
2/4/1991,SYD-OOL,Economy,3421
2/11/1991,SYD-OOL,Economy,3207
2/18/1991,SYD-OOL,Economy,3468
2/25/1991,SYD-OOL,Economy,2929
3/4/1991,SYD-OOL,Economy,3060
3/11/1991,SYD-OOL,Economy,3383
3/18/1991,SYD-OOL,Economy,3574
3/25/1991,SYD-OOL,Economy,4369
4/1/1991,SYD-OOL,Economy,3517
4/8/1991,SYD-OOL,Economy,2782
4/15/1991,SYD-OOL,Economy,2776
4/22/1991,SYD-OOL,Economy,3206
4/29/1991,SYD-OOL,Economy,2968
5/6/1991,SYD-OOL,Economy,2884
5/13/1991,SYD-OOL,Economy,2845
5/20/1991,SYD-OOL,Economy,2854
5/27/1991,SYD-OOL,Economy,2657
6/3/1991,SYD-OOL,Economy,3077
6/10/1991,SYD-OOL,Economy,3673
6/17/1991,SYD-OOL,Economy,3491
6/24/1991,SYD-OOL,Economy,3696
7/1/1991,SYD-OOL,Economy,4378
7/8/1991,SYD-OOL,Economy,4591
7/15/1991,SYD-OOL,Economy,4353
7/22/1991,SYD-OOL,Economy,3770
7/29/1991,SYD-OOL,Economy,3401
8/5/1991,SYD-OOL,Economy,3347
8/12/1991,SYD-OOL,Economy,3923
8/19/1991,SYD-OOL,Economy,3903
8/26/1991,SYD-OOL,Economy,4597
9/2/1991,SYD-OOL,Economy,4916
9/9/1991,SYD-OOL,Economy,4331
9/16/1991,SYD-OOL,Economy,4018
9/23/1991,SYD-OOL,Economy,5672
9/30/1991,SYD-OOL,Economy,5471
10/7/1991,SYD-OOL,Economy,6145
10/14/1991,SYD-OOL,Economy,5860
10/21/1991,SYD-OOL,Economy,5241
10/28/1991,SYD-OOL,Economy,4923
11/4/1991,SYD-OOL,Economy,5118
11/11/1991,SYD-OOL,Economy,5145
11/18/1991,SYD-OOL,Economy,5259
11/25/1991,SYD-OOL,Economy,5681
12/2/1991,SYD-OOL,Economy,5756
12/9/1991,SYD-OOL,Economy,5737
12/16/1991,SYD-OOL,Economy,6104
12/23/1991,SYD-OOL,Economy,7120
12/30/1991,SYD-OOL,Economy,7573
1/6/1992,SYD-OOL,Economy,6971
1/13/1992,SYD-OOL,Economy,5679
1/20/1992,SYD-OOL,Economy,5521
1/27/1992,SYD-OOL,Economy,4052
2/3/1992,SYD-OOL,Economy,4649
2/10/1992,SYD-OOL,Economy,4246
2/17/1992,SYD-OOL,Economy,3930
2/24/1992,SYD-OOL,Economy,3952
3/2/1992,SYD-OOL,Economy,3714
3/9/1992,SYD-OOL,Economy,3816
3/16/1992,SYD-OOL,Economy,3868
3/23/1992,SYD-OOL,Economy,3738
3/30/1992,SYD-OOL,Economy,3158
4/6/1992,SYD-OOL,Economy,4147
4/13/1992,SYD-OOL,Economy,4595
4/20/1992,SYD-OOL,Economy,4061
4/27/1992,SYD-OOL,Economy,3734
5/4/1992,SYD-OOL,Economy,3646
5/11/1992,SYD-OOL,Economy,4760
5/18/1992,SYD-OOL,Economy,4444
5/25/1992,SYD-OOL,Economy,4027
6/1/1992,SYD-OOL,Economy,4088
6/8/1992,SYD-OOL,Economy,4360
6/15/1992,SYD-OOL,Economy,4121
6/22/1992,SYD-OOL,Economy,4776
6/29/1992,SYD-OOL,Economy,4914
7/6/1992,SYD-OOL,Economy,5383
7/13/1992,SYD-OOL,Economy,5556
7/20/1992,SYD-OOL,Economy,5454
7/27/1992,SYD-OOL,Economy,4563
8/3/1992,SYD-OOL,Economy,4986
8/10/1992,SYD-OOL,Economy,5054
8/17/1992,SYD-OOL,Economy,5171
8/24/1992,SYD-OOL,Economy,5874
8/31/1992,SYD-OOL,Economy,5282
9/7/1992,SYD-OOL,Economy,5519
9/14/1992,SYD-OOL,Economy,6086
9/21/1992,SYD-OOL,Economy,5824
9/28/1992,SYD-OOL,Economy,6960
10/5/1992,SYD-OOL,Economy,6817
10/12/1992,SYD-OOL,Economy,6001
10/19/1992,SYD-OOL,Economy,4733
10/26/1992,SYD-OOL,Economy,5740
11/2/1992,SYD-OOL,Economy,5844
11/9/1992,SYD-OOL,Economy,6155
11/16/1992,SYD-OOL,Economy,5926
11/23/1992,SYD-OOL,Economy,6334
6/29/1987,SYD-OOL,First,163
7/6/1987,SYD-OOL,First,159
7/13/1987,SYD-OOL,First,181
7/20/1987,SYD-OOL,First,163
7/27/1987,SYD-OOL,First,106
8/3/1987,SYD-OOL,First,137
8/10/1987,SYD-OOL,First,192
8/17/1987,SYD-OOL,First,168
8/24/1987,SYD-OOL,First,203
8/31/1987,SYD-OOL,First,176
9/7/1987,SYD-OOL,First,168
9/14/1987,SYD-OOL,First,211
9/28/1987,SYD-OOL,First,285
10/5/1987,SYD-OOL,First,229
10/12/1987,SYD-OOL,First,193
10/19/1987,SYD-OOL,First,229
10/26/1987,SYD-OOL,First,240
11/2/1987,SYD-OOL,First,209
11/9/1987,SYD-OOL,First,161
11/16/1987,SYD-OOL,First,181
11/23/1987,SYD-OOL,First,209
11/30/1987,SYD-OOL,First,199
12/7/1987,SYD-OOL,First,207
12/14/1987,SYD-OOL,First,195
12/21/1987,SYD-OOL,First,221
12/28/1987,SYD-OOL,First,242
1/4/1988,SYD-OOL,First,373
1/4/1988,SYD-OOL,First,361
1/11/1988,SYD-OOL,First,220
1/18/1988,SYD-OOL,First,216
1/25/1988,SYD-OOL,First,188
2/1/1988,SYD-OOL,First,219
2/8/1988,SYD-OOL,First,183
2/15/1988,SYD-OOL,First,165
2/22/1988,SYD-OOL,First,214
2/29/1988,SYD-OOL,First,176
3/7/1988,SYD-OOL,First,171
3/14/1988,SYD-OOL,First,183
3/21/1988,SYD-OOL,First,292
3/28/1988,SYD-OOL,First,241
4/4/1988,SYD-OOL,First,154
4/11/1988,SYD-OOL,First,218
4/18/1988,SYD-OOL,First,150
4/25/1988,SYD-OOL,First,245
5/2/1988,SYD-OOL,First,143
5/9/1988,SYD-OOL,First,155
5/16/1988,SYD-OOL,First,171
5/23/1988,SYD-OOL,First,177
5/30/1988,SYD-OOL,First,208
6/6/1988,SYD-OOL,First,225
6/13/1988,SYD-OOL,First,172
6/20/1988,SYD-OOL,First,185
6/27/1988,SYD-OOL,First,233
7/4/1988,SYD-OOL,First,245
7/11/1988,SYD-OOL,First,227
7/18/1988,SYD-OOL,First,271
7/25/1988,SYD-OOL,First,196
8/1/1988,SYD-OOL,First,240
8/8/1988,SYD-OOL,First,168
8/15/1988,SYD-OOL,First,221
8/22/1988,SYD-OOL,First,210
8/29/1988,SYD-OOL,First,200
9/5/1988,SYD-OOL,First,224
9/12/1988,SYD-OOL,First,217
9/19/1988,SYD-OOL,First,202
9/26/1988,SYD-OOL,First,171
10/3/1988,SYD-OOL,First,205
10/10/1988,SYD-OOL,First,182
10/17/1988,SYD-OOL,First,198
10/24/1988,SYD-OOL,First,204
10/31/1988,SYD-OOL,First,300
11/7/1988,SYD-OOL,First,235
11/14/1988,SYD-OOL,First,326
11/21/1988,SYD-OOL,First,262
11/28/1988,SYD-OOL,First,313
12/5/1988,SYD-OOL,First,201
12/12/1988,SYD-OOL,First,202
12/19/1988,SYD-OOL,First,219
12/26/1988,SYD-OOL,First,316
1/2/1989,SYD-OOL,First,302
1/9/1989,SYD-OOL,First,334
1/16/1989,SYD-OOL,First,254
1/23/1989,SYD-OOL,First,174
1/30/1989,SYD-OOL,First,196
2/6/1989,SYD-OOL,First,246
2/13/1989,SYD-OOL,First,193
2/20/1989,SYD-OOL,First,203
2/27/1989,SYD-OOL,First,197
3/6/1989,SYD-OOL,First,193
3/13/1989,SYD-OOL,First,239
3/20/1989,SYD-OOL,First,211
3/27/1989,SYD-OOL,First,206
4/3/1989,SYD-OOL,First,231
4/10/1989,SYD-OOL,First,191
4/17/1989,SYD-OOL,First,254
4/24/1989,SYD-OOL,First,291
5/1/1989,SYD-OOL,First,197
5/8/1989,SYD-OOL,First,223
5/15/1989,SYD-OOL,First,182
5/22/1989,SYD-OOL,First,187
5/29/1989,SYD-OOL,First,233
6/5/1989,SYD-OOL,First,274
6/12/1989,SYD-OOL,First,199
6/19/1989,SYD-OOL,First,199
6/26/1989,SYD-OOL,First,233
7/3/1989,SYD-OOL,First,186
7/10/1989,SYD-OOL,First,170
7/17/1989,SYD-OOL,First,155
7/24/1989,SYD-OOL,First,146
7/31/1989,SYD-OOL,First,146
8/7/1989,SYD-OOL,First,131
8/14/1989,SYD-OOL,First,58
8/21/1989,SYD-OOL,First,0
8/28/1989,SYD-OOL,First,0
9/4/1989,SYD-OOL,First,0
9/11/1989,SYD-OOL,First,0
9/18/1989,SYD-OOL,First,0
9/25/1989,SYD-OOL,First,0
10/2/1989,SYD-OOL,First,0
10/9/1989,SYD-OOL,First,0
10/16/1989,SYD-OOL,First,0
10/23/1989,SYD-OOL,First,18
10/30/1989,SYD-OOL,First,0
11/6/1989,SYD-OOL,First,4
11/13/1989,SYD-OOL,First,41
11/20/1989,SYD-OOL,First,10
11/27/1989,SYD-OOL,First,31
12/4/1989,SYD-OOL,First,36
12/11/1989,SYD-OOL,First,36
12/18/1989,SYD-OOL,First,59
12/25/1989,SYD-OOL,First,24
1/1/1990,SYD-OOL,First,40
1/8/1990,SYD-OOL,First,50
1/15/1990,SYD-OOL,First,103
1/22/1990,SYD-OOL,First,113
1/29/1990,SYD-OOL,First,109
2/5/1990,SYD-OOL,First,98
2/12/1990,SYD-OOL,First,98
2/19/1990,SYD-OOL,First,131
2/26/1990,SYD-OOL,First,107
3/5/1990,SYD-OOL,First,126
3/12/1990,SYD-OOL,First,95
3/19/1990,SYD-OOL,First,111
3/26/1990,SYD-OOL,First,150
4/2/1990,SYD-OOL,First,176
4/9/1990,SYD-OOL,First,248
4/16/1990,SYD-OOL,First,148
4/23/1990,SYD-OOL,First,182
4/30/1990,SYD-OOL,First,185
5/7/1990,SYD-OOL,First,159
5/14/1990,SYD-OOL,First,130
5/21/1990,SYD-OOL,First,101
5/28/1990,SYD-OOL,First,196
6/4/1990,SYD-OOL,First,175
6/11/1990,SYD-OOL,First,130
6/18/1990,SYD-OOL,First,132
6/25/1990,SYD-OOL,First,98
7/2/1990,SYD-OOL,First,154
7/9/1990,SYD-OOL,First,172
7/16/1990,SYD-OOL,First,109
7/23/1990,SYD-OOL,First,107
7/30/1990,SYD-OOL,First,89
8/6/1990,SYD-OOL,First,111
8/13/1990,SYD-OOL,First,88
8/20/1990,SYD-OOL,First,97
8/27/1990,SYD-OOL,First,102
9/3/1990,SYD-OOL,First,100
9/10/1990,SYD-OOL,First,121
9/17/1990,SYD-OOL,First,145
9/24/1990,SYD-OOL,First,164
10/1/1990,SYD-OOL,First,149
10/8/1990,SYD-OOL,First,126
10/15/1990,SYD-OOL,First,159
10/22/1990,SYD-OOL,First,113
10/29/1990,SYD-OOL,First,161
11/5/1990,SYD-OOL,First,140
11/12/1990,SYD-OOL,First,148
11/19/1990,SYD-OOL,First,159
11/26/1990,SYD-OOL,First,69
12/3/1990,SYD-OOL,First,64
12/10/1990,SYD-OOL,First,114
12/17/1990,SYD-OOL,First,132
12/24/1990,SYD-OOL,First,111
1/7/1991,SYD-OOL,First,143
1/14/1991,SYD-OOL,First,152
1/21/1991,SYD-OOL,First,100
1/28/1991,SYD-OOL,First,86
2/4/1991,SYD-OOL,First,96
2/11/1991,SYD-OOL,First,117
2/18/1991,SYD-OOL,First,129
2/25/1991,SYD-OOL,First,143
3/4/1991,SYD-OOL,First,70
3/11/1991,SYD-OOL,First,133
3/18/1991,SYD-OOL,First,138
3/25/1991,SYD-OOL,First,105
4/1/1991,SYD-OOL,First,65
4/8/1991,SYD-OOL,First,99
4/15/1991,SYD-OOL,First,76
4/22/1991,SYD-OOL,First,101
4/29/1991,SYD-OOL,First,104
5/6/1991,SYD-OOL,First,69
5/13/1991,SYD-OOL,First,74
5/20/1991,SYD-OOL,First,83
5/27/1991,SYD-OOL,First,80
6/3/1991,SYD-OOL,First,121
6/10/1991,SYD-OOL,First,87
6/17/1991,SYD-OOL,First,76
6/24/1991,SYD-OOL,First,69
7/1/1991,SYD-OOL,First,74
7/8/1991,SYD-OOL,First,76
7/15/1991,SYD-OOL,First,80
7/22/1991,SYD-OOL,First,62
7/29/1991,SYD-OOL,First,71
8/5/1991,SYD-OOL,First,62
8/12/1991,SYD-OOL,First,72
8/19/1991,SYD-OOL,First,43
8/26/1991,SYD-OOL,First,72
9/2/1991,SYD-OOL,First,71
9/9/1991,SYD-OOL,First,54
9/16/1991,SYD-OOL,First,97
9/23/1991,SYD-OOL,First,73
9/30/1991,SYD-OOL,First,117
10/7/1991,SYD-OOL,First,75
10/14/1991,SYD-OOL,First,83
10/21/1991,SYD-OOL,First,66
10/28/1991,SYD-OOL,First,108
11/4/1991,SYD-OOL,First,124
11/11/1991,SYD-OOL,First,102
11/18/1991,SYD-OOL,First,92
11/25/1991,SYD-OOL,First,79
12/2/1991,SYD-OOL,First,68
12/9/1991,SYD-OOL,First,109
12/16/1991,SYD-OOL,First,49
12/23/1991,SYD-OOL,First,88
12/30/1991,SYD-OOL,First,95
1/6/1992,SYD-OOL,First,110
1/13/1992,SYD-OOL,First,101
1/20/1992,SYD-OOL,First,61
1/27/1992,SYD-OOL,First,65
2/3/1992,SYD-OOL,First,195
2/10/1992,SYD-OOL,First,206
2/17/1992,SYD-OOL,First,156
2/24/1992,SYD-OOL,First,170
3/2/1992,SYD-OOL,First,244
3/9/1992,SYD-OOL,First,268
3/16/1992,SYD-OOL,First,294
3/23/1992,SYD-OOL,First,270
3/30/1992,SYD-OOL,First,178
4/6/1992,SYD-OOL,First,247
4/13/1992,SYD-OOL,First,234
4/20/1992,SYD-OOL,First,232
4/27/1992,SYD-OOL,First,193
5/4/1992,SYD-OOL,First,190
5/11/1992,SYD-OOL,First,295
5/18/1992,SYD-OOL,First,286
5/25/1992,SYD-OOL,First,210
6/1/1992,SYD-OOL,First,207
6/8/1992,SYD-OOL,First,170
6/15/1992,SYD-OOL,First,148
6/22/1992,SYD-OOL,First,140
6/29/1992,SYD-OOL,First,125
7/6/1992,SYD-OOL,First,169
7/13/1992,SYD-OOL,First,188
7/20/1992,SYD-OOL,First,157
7/27/1992,SYD-OOL,First,108
8/3/1992,SYD-OOL,First,147
8/10/1992,SYD-OOL,First,158
8/17/1992,SYD-OOL,First,120
8/24/1992,SYD-OOL,First,146
8/31/1992,SYD-OOL,First,142
9/7/1992,SYD-OOL,First,144
9/14/1992,SYD-OOL,First,141
9/21/1992,SYD-OOL,First,156
9/28/1992,SYD-OOL,First,197
10/5/1992,SYD-OOL,First,186
10/12/1992,SYD-OOL,First,150
10/19/1992,SYD-OOL,First,119
10/26/1992,SYD-OOL,First,156
11/2/1992,SYD-OOL,First,198
11/9/1992,SYD-OOL,First,169
11/16/1992,SYD-OOL,First,210
11/23/1992,SYD-OOL,First,168
7/10/1989,SYD-PER,Business,240
7/17/1989,SYD-PER,Business,371
7/24/1989,SYD-PER,Business,324
7/31/1989,SYD-PER,Business,430
8/7/1989,SYD-PER,Business,287
8/14/1989,SYD-PER,Business,180
8/21/1989,SYD-PER,Business,0
8/28/1989,SYD-PER,Business,0
9/4/1989,SYD-PER,Business,0
9/11/1989,SYD-PER,Business,0
9/18/1989,SYD-PER,Business,0
9/25/1989,SYD-PER,Business,0
10/2/1989,SYD-PER,Business,0
10/9/1989,SYD-PER,Business,0
10/16/1989,SYD-PER,Business,0
10/23/1989,SYD-PER,Business,0
10/30/1989,SYD-PER,Business,0
11/6/1989,SYD-PER,Business,0
11/13/1989,SYD-PER,Business,0
11/20/1989,SYD-PER,Business,0
11/27/1989,SYD-PER,Business,0
12/4/1989,SYD-PER,Business,0
12/11/1989,SYD-PER,Business,0
12/18/1989,SYD-PER,Business,0
12/25/1989,SYD-PER,Business,0
1/8/1990,SYD-PER,Business,67
1/15/1990,SYD-PER,Business,272
1/22/1990,SYD-PER,Business,249
1/29/1990,SYD-PER,Business,324
2/5/1990,SYD-PER,Business,438
2/12/1990,SYD-PER,Business,505
2/19/1990,SYD-PER,Business,455
2/26/1990,SYD-PER,Business,517
3/5/1990,SYD-PER,Business,477
3/12/1990,SYD-PER,Business,469
3/19/1990,SYD-PER,Business,435
3/26/1990,SYD-PER,Business,401
4/2/1990,SYD-PER,Business,333
4/9/1990,SYD-PER,Business,224
4/16/1990,SYD-PER,Business,245
4/23/1990,SYD-PER,Business,394
4/30/1990,SYD-PER,Business,347
5/7/1990,SYD-PER,Business,340
5/14/1990,SYD-PER,Business,336
5/21/1990,SYD-PER,Business,353
5/28/1990,SYD-PER,Business,310
6/4/1990,SYD-PER,Business,233
6/11/1990,SYD-PER,Business,371
6/18/1990,SYD-PER,Business,272
6/25/1990,SYD-PER,Business,327
7/2/1990,SYD-PER,Business,260
7/9/1990,SYD-PER,Business,302
7/16/1990,SYD-PER,Business,365
7/23/1990,SYD-PER,Business,306
7/30/1990,SYD-PER,Business,349
8/6/1990,SYD-PER,Business,326
8/13/1990,SYD-PER,Business,356
8/20/1990,SYD-PER,Business,318
8/27/1990,SYD-PER,Business,310
9/3/1990,SYD-PER,Business,341
9/10/1990,SYD-PER,Business,327
9/17/1990,SYD-PER,Business,274
9/24/1990,SYD-PER,Business,305
10/1/1990,SYD-PER,Business,402
10/8/1990,SYD-PER,Business,461
10/15/1990,SYD-PER,Business,405
10/22/1990,SYD-PER,Business,379
10/29/1990,SYD-PER,Business,364
11/5/1990,SYD-PER,Business,414
11/12/1990,SYD-PER,Business,464
11/19/1990,SYD-PER,Business,397
11/26/1990,SYD-PER,Business,409
12/3/1990,SYD-PER,Business,334
12/10/1990,SYD-PER,Business,283
12/17/1990,SYD-PER,Business,75
12/24/1990,SYD-PER,Business,152
1/7/1991,SYD-PER,Business,172
1/14/1991,SYD-PER,Business,285
1/21/1991,SYD-PER,Business,127
1/28/1991,SYD-PER,Business,247
2/4/1991,SYD-PER,Business,309
2/11/1991,SYD-PER,Business,323
2/18/1991,SYD-PER,Business,283
2/25/1991,SYD-PER,Business,432
3/4/1991,SYD-PER,Business,328
3/11/1991,SYD-PER,Business,389
3/18/1991,SYD-PER,Business,470
3/25/1991,SYD-PER,Business,294
4/1/1991,SYD-PER,Business,319
4/8/1991,SYD-PER,Business,447
4/15/1991,SYD-PER,Business,472
4/22/1991,SYD-PER,Business,355
4/29/1991,SYD-PER,Business,542
5/6/1991,SYD-PER,Business,502
5/13/1991,SYD-PER,Business,413
5/20/1991,SYD-PER,Business,481
5/27/1991,SYD-PER,Business,432
6/3/1991,SYD-PER,Business,369
6/10/1991,SYD-PER,Business,415
6/17/1991,SYD-PER,Business,392
6/24/1991,SYD-PER,Business,498
7/1/1991,SYD-PER,Business,329
7/8/1991,SYD-PER,Business,311
7/15/1991,SYD-PER,Business,339
7/22/1991,SYD-PER,Business,380
7/29/1991,SYD-PER,Business,390
8/5/1991,SYD-PER,Business,366
8/12/1991,SYD-PER,Business,408
8/19/1991,SYD-PER,Business,373
8/26/1991,SYD-PER,Business,417
9/2/1991,SYD-PER,Business,291
9/9/1991,SYD-PER,Business,368
9/16/1991,SYD-PER,Business,355
9/23/1991,SYD-PER,Business,442
9/30/1991,SYD-PER,Business,313
10/7/1991,SYD-PER,Business,365
10/14/1991,SYD-PER,Business,399
10/21/1991,SYD-PER,Business,381
10/28/1991,SYD-PER,Business,450
11/4/1991,SYD-PER,Business,422
11/11/1991,SYD-PER,Business,367
11/18/1991,SYD-PER,Business,385
11/25/1991,SYD-PER,Business,404
12/2/1991,SYD-PER,Business,363
12/9/1991,SYD-PER,Business,440
12/16/1991,SYD-PER,Business,333
12/23/1991,SYD-PER,Business,97
12/30/1991,SYD-PER,Business,132
1/6/1992,SYD-PER,Business,191
1/13/1992,SYD-PER,Business,220
1/20/1992,SYD-PER,Business,286
1/27/1992,SYD-PER,Business,356
2/3/1992,SYD-PER,Business,395
2/10/1992,SYD-PER,Business,414
2/17/1992,SYD-PER,Business,441
2/24/1992,SYD-PER,Business,421
3/2/1992,SYD-PER,Business,411
3/9/1992,SYD-PER,Business,467
3/16/1992,SYD-PER,Business,372
3/23/1992,SYD-PER,Business,720
3/30/1992,SYD-PER,Business,1032
4/6/1992,SYD-PER,Business,1057
4/13/1992,SYD-PER,Business,868
4/20/1992,SYD-PER,Business,717
4/27/1992,SYD-PER,Business,1004
5/4/1992,SYD-PER,Business,921
5/11/1992,SYD-PER,Business,861
5/18/1992,SYD-PER,Business,878
5/25/1992,SYD-PER,Business,858
6/1/1992,SYD-PER,Business,660
6/8/1992,SYD-PER,Business,664
6/15/1992,SYD-PER,Business,918
6/22/1992,SYD-PER,Business,636
6/29/1992,SYD-PER,Business,559
7/6/1992,SYD-PER,Business,489
7/13/1992,SYD-PER,Business,490
7/20/1992,SYD-PER,Business,466
7/27/1992,SYD-PER,Business,519
8/3/1992,SYD-PER,Business,495
8/10/1992,SYD-PER,Business,501
8/17/1992,SYD-PER,Business,472
8/24/1992,SYD-PER,Business,445
8/31/1992,SYD-PER,Business,453
9/7/1992,SYD-PER,Business,420
9/14/1992,SYD-PER,Business,480
9/21/1992,SYD-PER,Business,453
9/28/1992,SYD-PER,Business,514
10/5/1992,SYD-PER,Business,473
10/12/1992,SYD-PER,Business,546
10/19/1992,SYD-PER,Business,566
10/26/1992,SYD-PER,Business,569
11/2/1992,SYD-PER,Business,455
11/9/1992,SYD-PER,Business,547
11/16/1992,SYD-PER,Business,613
11/23/1992,SYD-PER,Business,602
6/29/1987,SYD-PER,Economy,2364
7/6/1987,SYD-PER,Economy,1849
7/13/1987,SYD-PER,Economy,2020
7/20/1987,SYD-PER,Economy,1781
7/27/1987,SYD-PER,Economy,1763
8/3/1987,SYD-PER,Economy,1463
8/10/1987,SYD-PER,Economy,1793
8/17/1987,SYD-PER,Economy,1795
8/24/1987,SYD-PER,Economy,1993
8/31/1987,SYD-PER,Economy,1738
9/7/1987,SYD-PER,Economy,1823
9/14/1987,SYD-PER,Economy,1932
9/21/1987,SYD-PER,Economy,2253
9/28/1987,SYD-PER,Economy,2770
10/5/1987,SYD-PER,Economy,2332
10/12/1987,SYD-PER,Economy,2315
10/19/1987,SYD-PER,Economy,2217
10/26/1987,SYD-PER,Economy,1909
11/2/1987,SYD-PER,Economy,1889
11/9/1987,SYD-PER,Economy,1966
11/16/1987,SYD-PER,Economy,1701
11/23/1987,SYD-PER,Economy,1927
11/30/1987,SYD-PER,Economy,1867
12/7/1987,SYD-PER,Economy,2091
12/14/1987,SYD-PER,Economy,3273
12/21/1987,SYD-PER,Economy,3368
12/28/1987,SYD-PER,Economy,3167
1/4/1988,SYD-PER,Economy,4073
1/4/1988,SYD-PER,Economy,4254
1/11/1988,SYD-PER,Economy,3501
1/18/1988,SYD-PER,Economy,3201
1/25/1988,SYD-PER,Economy,2082
2/1/1988,SYD-PER,Economy,1935
2/8/1988,SYD-PER,Economy,2340
2/15/1988,SYD-PER,Economy,1942
2/22/1988,SYD-PER,Economy,1636
2/29/1988,SYD-PER,Economy,1864
3/7/1988,SYD-PER,Economy,2102
3/14/1988,SYD-PER,Economy,2730
3/21/1988,SYD-PER,Economy,2517
3/28/1988,SYD-PER,Economy,2247
4/4/1988,SYD-PER,Economy,2609
4/11/1988,SYD-PER,Economy,2517
4/18/1988,SYD-PER,Economy,2366
4/25/1988,SYD-PER,Economy,2637
5/2/1988,SYD-PER,Economy,2409
5/9/1988,SYD-PER,Economy,2132
5/16/1988,SYD-PER,Economy,2280
5/23/1988,SYD-PER,Economy,2127
5/30/1988,SYD-PER,Economy,1541
6/6/1988,SYD-PER,Economy,1694
6/13/1988,SYD-PER,Economy,2429
6/20/1988,SYD-PER,Economy,2632
6/27/1988,SYD-PER,Economy,2327
7/4/1988,SYD-PER,Economy,2491
7/11/1988,SYD-PER,Economy,2577
7/18/1988,SYD-PER,Economy,2553
7/25/1988,SYD-PER,Economy,2416
8/1/1988,SYD-PER,Economy,2478
8/8/1988,SYD-PER,Economy,2799
8/15/1988,SYD-PER,Economy,2710
8/22/1988,SYD-PER,Economy,2666
8/29/1988,SYD-PER,Economy,2818
9/5/1988,SYD-PER,Economy,2228
9/12/1988,SYD-PER,Economy,2824
9/19/1988,SYD-PER,Economy,3200
9/26/1988,SYD-PER,Economy,2486
10/3/1988,SYD-PER,Economy,3024
10/10/1988,SYD-PER,Economy,2691
10/17/1988,SYD-PER,Economy,2917
10/24/1988,SYD-PER,Economy,2581
10/31/1988,SYD-PER,Economy,2553
11/7/1988,SYD-PER,Economy,2303
11/14/1988,SYD-PER,Economy,2632
11/21/1988,SYD-PER,Economy,2442
11/28/1988,SYD-PER,Economy,2544
12/5/1988,SYD-PER,Economy,3273
12/12/1988,SYD-PER,Economy,3104
12/19/1988,SYD-PER,Economy,2348
12/26/1988,SYD-PER,Economy,3369
1/2/1989,SYD-PER,Economy,3797
1/9/1989,SYD-PER,Economy,3583
1/16/1989,SYD-PER,Economy,3254
1/23/1989,SYD-PER,Economy,2615
1/30/1989,SYD-PER,Economy,2421
2/6/1989,SYD-PER,Economy,2411
2/13/1989,SYD-PER,Economy,2143
2/20/1989,SYD-PER,Economy,2265
2/27/1989,SYD-PER,Economy,2443
3/6/1989,SYD-PER,Economy,2724
3/13/1989,SYD-PER,Economy,2696
3/20/1989,SYD-PER,Economy,2449
3/27/1989,SYD-PER,Economy,2962
4/3/1989,SYD-PER,Economy,2869
4/10/1989,SYD-PER,Economy,2555
4/17/1989,SYD-PER,Economy,2494
4/24/1989,SYD-PER,Economy,2302
5/1/1989,SYD-PER,Economy,2337
5/8/1989,SYD-PER,Economy,2251
5/15/1989,SYD-PER,Economy,1989
5/22/1989,SYD-PER,Economy,2126
5/29/1989,SYD-PER,Economy,2139
6/5/1989,SYD-PER,Economy,1937
6/12/1989,SYD-PER,Economy,2208
6/19/1989,SYD-PER,Economy,2685
6/26/1989,SYD-PER,Economy,2652
7/3/1989,SYD-PER,Economy,2733
7/10/1989,SYD-PER,Economy,2554
7/17/1989,SYD-PER,Economy,2369
7/24/1989,SYD-PER,Economy,2031
7/31/1989,SYD-PER,Economy,2358
8/7/1989,SYD-PER,Economy,1833
8/14/1989,SYD-PER,Economy,1383
8/21/1989,SYD-PER,Economy,0
8/28/1989,SYD-PER,Economy,0
9/4/1989,SYD-PER,Economy,0
9/11/1989,SYD-PER,Economy,0
9/18/1989,SYD-PER,Economy,0
9/25/1989,SYD-PER,Economy,0
10/2/1989,SYD-PER,Economy,0
10/9/1989,SYD-PER,Economy,116
10/16/1989,SYD-PER,Economy,384
10/23/1989,SYD-PER,Economy,2907
10/30/1989,SYD-PER,Economy,2981
11/6/1989,SYD-PER,Economy,3413
11/13/1989,SYD-PER,Economy,3606
11/20/1989,SYD-PER,Economy,3475
11/27/1989,SYD-PER,Economy,2869
12/4/1989,SYD-PER,Economy,2593
12/11/1989,SYD-PER,Economy,3821
12/18/1989,SYD-PER,Economy,2897
12/25/1989,SYD-PER,Economy,2934
1/1/1990,SYD-PER,Economy,3173
1/8/1990,SYD-PER,Economy,3379
1/15/1990,SYD-PER,Economy,3123
1/22/1990,SYD-PER,Economy,2315
1/29/1990,SYD-PER,Economy,2263
2/5/1990,SYD-PER,Economy,2259
2/12/1990,SYD-PER,Economy,2250
2/19/1990,SYD-PER,Economy,2147
2/26/1990,SYD-PER,Economy,2279
3/5/1990,SYD-PER,Economy,2291
3/12/1990,SYD-PER,Economy,2302
3/19/1990,SYD-PER,Economy,2447
3/26/1990,SYD-PER,Economy,2552
4/2/1990,SYD-PER,Economy,2972
4/9/1990,SYD-PER,Economy,2267
4/16/1990,SYD-PER,Economy,2538
4/23/1990,SYD-PER,Economy,2426
4/30/1990,SYD-PER,Economy,2043
5/7/1990,SYD-PER,Economy,1904
5/14/1990,SYD-PER,Economy,2087
5/21/1990,SYD-PER,Economy,1953
5/28/1990,SYD-PER,Economy,1903
6/4/1990,SYD-PER,Economy,1528
6/11/1990,SYD-PER,Economy,1904
6/18/1990,SYD-PER,Economy,2224
6/25/1990,SYD-PER,Economy,2507
7/2/1990,SYD-PER,Economy,2846
7/9/1990,SYD-PER,Economy,2506
7/16/1990,SYD-PER,Economy,2241
7/23/1990,SYD-PER,Economy,1996
7/30/1990,SYD-PER,Economy,1909
8/6/1990,SYD-PER,Economy,2028
8/13/1990,SYD-PER,Economy,2205
8/20/1990,SYD-PER,Economy,2520
8/27/1990,SYD-PER,Economy,2062
9/3/1990,SYD-PER,Economy,2262
9/10/1990,SYD-PER,Economy,2611
9/17/1990,SYD-PER,Economy,2758
9/24/1990,SYD-PER,Economy,3350
10/1/1990,SYD-PER,Economy,3510
10/8/1990,SYD-PER,Economy,2999
10/15/1990,SYD-PER,Economy,2855
10/22/1990,SYD-PER,Economy,2606
10/29/1990,SYD-PER,Economy,2598
11/5/1990,SYD-PER,Economy,2656
11/12/1990,SYD-PER,Economy,2436
11/19/1990,SYD-PER,Economy,2619
11/26/1990,SYD-PER,Economy,2555
12/3/1990,SYD-PER,Economy,2788
12/10/1990,SYD-PER,Economy,3885
12/17/1990,SYD-PER,Economy,3018
12/24/1990,SYD-PER,Economy,3123
1/7/1991,SYD-PER,Economy,4015
1/14/1991,SYD-PER,Economy,4108
1/21/1991,SYD-PER,Economy,1989
1/28/1991,SYD-PER,Economy,3018
2/4/1991,SYD-PER,Economy,2464
2/11/1991,SYD-PER,Economy,2456
2/18/1991,SYD-PER,Economy,2416
2/25/1991,SYD-PER,Economy,2339
3/4/1991,SYD-PER,Economy,2924
3/11/1991,SYD-PER,Economy,2672
3/18/1991,SYD-PER,Economy,3267
3/25/1991,SYD-PER,Economy,3734
4/1/1991,SYD-PER,Economy,3111
4/8/1991,SYD-PER,Economy,3219
4/15/1991,SYD-PER,Economy,3006
4/22/1991,SYD-PER,Economy,2922
4/29/1991,SYD-PER,Economy,3027
5/6/1991,SYD-PER,Economy,2791
5/13/1991,SYD-PER,Economy,2787
5/20/1991,SYD-PER,Economy,2805
5/27/1991,SYD-PER,Economy,2626
6/3/1991,SYD-PER,Economy,3055
6/10/1991,SYD-PER,Economy,2930
6/17/1991,SYD-PER,Economy,2679
6/24/1991,SYD-PER,Economy,3180
7/1/1991,SYD-PER,Economy,3568
7/8/1991,SYD-PER,Economy,4135
7/15/1991,SYD-PER,Economy,4219
7/22/1991,SYD-PER,Economy,3969
7/29/1991,SYD-PER,Economy,3562
8/5/1991,SYD-PER,Economy,3585
8/12/1991,SYD-PER,Economy,3627
8/19/1991,SYD-PER,Economy,3982
8/26/1991,SYD-PER,Economy,4105
9/2/1991,SYD-PER,Economy,4402
9/9/1991,SYD-PER,Economy,4313
9/16/1991,SYD-PER,Economy,4681
9/23/1991,SYD-PER,Economy,5145
9/30/1991,SYD-PER,Economy,5340
10/7/1991,SYD-PER,Economy,5445
10/14/1991,SYD-PER,Economy,5217
10/21/1991,SYD-PER,Economy,3999
10/28/1991,SYD-PER,Economy,5046
11/4/1991,SYD-PER,Economy,4394
11/11/1991,SYD-PER,Economy,4245
11/18/1991,SYD-PER,Economy,4704
11/25/1991,SYD-PER,Economy,4377
12/2/1991,SYD-PER,Economy,4756
12/9/1991,SYD-PER,Economy,4790
12/16/1991,SYD-PER,Economy,5980
12/23/1991,SYD-PER,Economy,6839
12/30/1991,SYD-PER,Economy,7007
1/6/1992,SYD-PER,Economy,7413
1/13/1992,SYD-PER,Economy,6162
1/20/1992,SYD-PER,Economy,5751
1/27/1992,SYD-PER,Economy,4458
2/3/1992,SYD-PER,Economy,3412
2/10/1992,SYD-PER,Economy,3707
2/17/1992,SYD-PER,Economy,3731
2/24/1992,SYD-PER,Economy,4070
3/2/1992,SYD-PER,Economy,4227
3/9/1992,SYD-PER,Economy,4209
3/16/1992,SYD-PER,Economy,4260
3/23/1992,SYD-PER,Economy,3844
3/30/1992,SYD-PER,Economy,3563
4/6/1992,SYD-PER,Economy,3556
4/13/1992,SYD-PER,Economy,4067
4/20/1992,SYD-PER,Economy,3948
4/27/1992,SYD-PER,Economy,4049
5/4/1992,SYD-PER,Economy,3096
5/11/1992,SYD-PER,Economy,2877
5/18/1992,SYD-PER,Economy,3120
5/25/1992,SYD-PER,Economy,2995
6/1/1992,SYD-PER,Economy,3045
6/8/1992,SYD-PER,Economy,2832
6/15/1992,SYD-PER,Economy,3053
6/22/1992,SYD-PER,Economy,3162
6/29/1992,SYD-PER,Economy,3896
7/6/1992,SYD-PER,Economy,4199
7/13/1992,SYD-PER,Economy,4205
7/20/1992,SYD-PER,Economy,4042
7/27/1992,SYD-PER,Economy,3610
8/3/1992,SYD-PER,Economy,3526
8/10/1992,SYD-PER,Economy,3728
8/17/1992,SYD-PER,Economy,3939
8/24/1992,SYD-PER,Economy,3965
8/31/1992,SYD-PER,Economy,4217
9/7/1992,SYD-PER,Economy,4279
9/14/1992,SYD-PER,Economy,4484
9/21/1992,SYD-PER,Economy,5070
9/28/1992,SYD-PER,Economy,5160
10/5/1992,SYD-PER,Economy,5380
10/12/1992,SYD-PER,Economy,4465
10/19/1992,SYD-PER,Economy,4377
10/26/1992,SYD-PER,Economy,4294
11/2/1992,SYD-PER,Economy,4233
11/9/1992,SYD-PER,Economy,4577
11/16/1992,SYD-PER,Economy,4329
11/23/1992,SYD-PER,Economy,4286
6/29/1987,SYD-PER,First,334
7/6/1987,SYD-PER,First,316
7/13/1987,SYD-PER,First,254
7/20/1987,SYD-PER,First,406
7/27/1987,SYD-PER,First,403
8/3/1987,SYD-PER,First,354
8/10/1987,SYD-PER,First,368
8/17/1987,SYD-PER,First,327
8/24/1987,SYD-PER,First,351
8/31/1987,SYD-PER,First,404
9/7/1987,SYD-PER,First,389
9/14/1987,SYD-PER,First,419
9/21/1987,SYD-PER,First,396
9/28/1987,SYD-PER,First,403
10/5/1987,SYD-PER,First,326
10/12/1987,SYD-PER,First,372
10/19/1987,SYD-PER,First,450
10/26/1987,SYD-PER,First,413
11/2/1987,SYD-PER,First,340
11/9/1987,SYD-PER,First,403
11/16/1987,SYD-PER,First,380
11/23/1987,SYD-PER,First,431
11/30/1987,SYD-PER,First,344
12/7/1987,SYD-PER,First,377
12/14/1987,SYD-PER,First,438
12/21/1987,SYD-PER,First,172
12/28/1987,SYD-PER,First,127
1/4/1988,SYD-PER,First,241
1/4/1988,SYD-PER,First,322
1/11/1988,SYD-PER,First,363
1/18/1988,SYD-PER,First,283
1/25/1988,SYD-PER,First,366
2/1/1988,SYD-PER,First,392
2/8/1988,SYD-PER,First,378
2/15/1988,SYD-PER,First,352
2/22/1988,SYD-PER,First,265
2/29/1988,SYD-PER,First,357
3/7/1988,SYD-PER,First,354
3/14/1988,SYD-PER,First,428
3/21/1988,SYD-PER,First,269
3/28/1988,SYD-PER,First,297
4/4/1988,SYD-PER,First,457
4/11/1988,SYD-PER,First,357
4/18/1988,SYD-PER,First,419
4/25/1988,SYD-PER,First,448
5/2/1988,SYD-PER,First,396
5/9/1988,SYD-PER,First,451
5/16/1988,SYD-PER,First,457
5/23/1988,SYD-PER,First,498
5/30/1988,SYD-PER,First,357
6/6/1988,SYD-PER,First,335
6/13/1988,SYD-PER,First,375
6/20/1988,SYD-PER,First,349
6/27/1988,SYD-PER,First,336
7/4/1988,SYD-PER,First,375
7/11/1988,SYD-PER,First,460
7/18/1988,SYD-PER,First,362
7/25/1988,SYD-PER,First,421
8/1/1988,SYD-PER,First,348
8/8/1988,SYD-PER,First,393
8/15/1988,SYD-PER,First,450
8/22/1988,SYD-PER,First,365
8/29/1988,SYD-PER,First,429
9/5/1988,SYD-PER,First,437
9/12/1988,SYD-PER,First,386
9/19/1988,SYD-PER,First,379
9/26/1988,SYD-PER,First,209
10/3/1988,SYD-PER,First,363
10/10/1988,SYD-PER,First,424
10/17/1988,SYD-PER,First,468
10/24/1988,SYD-PER,First,411
10/31/1988,SYD-PER,First,458
11/7/1988,SYD-PER,First,516
11/14/1988,SYD-PER,First,547
11/21/1988,SYD-PER,First,481
11/28/1988,SYD-PER,First,455
12/5/1988,SYD-PER,First,483
12/12/1988,SYD-PER,First,289
12/19/1988,SYD-PER,First,111
12/26/1988,SYD-PER,First,175
1/2/1989,SYD-PER,First,325
1/9/1989,SYD-PER,First,335
1/16/1989,SYD-PER,First,338
1/23/1989,SYD-PER,First,353
1/30/1989,SYD-PER,First,457
2/6/1989,SYD-PER,First,428
2/13/1989,SYD-PER,First,448
2/20/1989,SYD-PER,First,471
2/27/1989,SYD-PER,First,408
3/6/1989,SYD-PER,First,487
3/13/1989,SYD-PER,First,344
3/20/1989,SYD-PER,First,292
3/27/1989,SYD-PER,First,404
4/3/1989,SYD-PER,First,420
4/10/1989,SYD-PER,First,420
4/17/1989,SYD-PER,First,341
4/24/1989,SYD-PER,First,473
5/1/1989,SYD-PER,First,511
5/8/1989,SYD-PER,First,498
5/15/1989,SYD-PER,First,404
5/22/1989,SYD-PER,First,381
5/29/1989,SYD-PER,First,381
6/5/1989,SYD-PER,First,342
6/12/1989,SYD-PER,First,399
6/19/1989,SYD-PER,First,303
6/26/1989,SYD-PER,First,291
7/3/1989,SYD-PER,First,344
7/10/1989,SYD-PER,First,345
7/17/1989,SYD-PER,First,268
7/24/1989,SYD-PER,First,263
7/31/1989,SYD-PER,First,358
8/7/1989,SYD-PER,First,277
8/14/1989,SYD-PER,First,156
8/21/1989,SYD-PER,First,0
8/28/1989,SYD-PER,First,0
9/4/1989,SYD-PER,First,0
9/11/1989,SYD-PER,First,0
9/18/1989,SYD-PER,First,0
9/25/1989,SYD-PER,First,0
10/2/1989,SYD-PER,First,0
10/9/1989,SYD-PER,First,0
10/16/1989,SYD-PER,First,0
10/23/1989,SYD-PER,First,0
10/30/1989,SYD-PER,First,0
11/6/1989,SYD-PER,First,0
11/13/1989,SYD-PER,First,0
11/20/1989,SYD-PER,First,0
11/27/1989,SYD-PER,First,0
12/4/1989,SYD-PER,First,0
12/11/1989,SYD-PER,First,0
12/18/1989,SYD-PER,First,0
12/25/1989,SYD-PER,First,0
1/8/1990,SYD-PER,First,8
1/15/1990,SYD-PER,First,1
1/22/1990,SYD-PER,First,59
1/29/1990,SYD-PER,First,72
2/5/1990,SYD-PER,First,91
2/12/1990,SYD-PER,First,133
2/19/1990,SYD-PER,First,135
2/26/1990,SYD-PER,First,101
3/5/1990,SYD-PER,First,141
3/12/1990,SYD-PER,First,65
3/19/1990,SYD-PER,First,61
3/26/1990,SYD-PER,First,232
4/2/1990,SYD-PER,First,186
4/9/1990,SYD-PER,First,172
4/16/1990,SYD-PER,First,197
4/23/1990,SYD-PER,First,259
4/30/1990,SYD-PER,First,272
5/7/1990,SYD-PER,First,221
5/14/1990,SYD-PER,First,238
5/21/1990,SYD-PER,First,221
5/28/1990,SYD-PER,First,225
6/4/1990,SYD-PER,First,225
6/11/1990,SYD-PER,First,236
6/18/1990,SYD-PER,First,216
6/25/1990,SYD-PER,First,169
7/2/1990,SYD-PER,First,176
7/9/1990,SYD-PER,First,223
7/16/1990,SYD-PER,First,221
7/23/1990,SYD-PER,First,209
7/30/1990,SYD-PER,First,174
8/6/1990,SYD-PER,First,233
8/13/1990,SYD-PER,First,200
8/20/1990,SYD-PER,First,142
8/27/1990,SYD-PER,First,172
9/3/1990,SYD-PER,First,185
9/10/1990,SYD-PER,First,200
9/17/1990,SYD-PER,First,116
9/24/1990,SYD-PER,First,180
10/1/1990,SYD-PER,First,190
10/8/1990,SYD-PER,First,239
10/15/1990,SYD-PER,First,229
10/22/1990,SYD-PER,First,181
10/29/1990,SYD-PER,First,200
11/5/1990,SYD-PER,First,201
11/12/1990,SYD-PER,First,167
11/19/1990,SYD-PER,First,207
11/26/1990,SYD-PER,First,199
12/3/1990,SYD-PER,First,188
12/10/1990,SYD-PER,First,164
12/17/1990,SYD-PER,First,61
12/24/1990,SYD-PER,First,96
1/7/1991,SYD-PER,First,101
1/14/1991,SYD-PER,First,121
1/21/1991,SYD-PER,First,53
1/28/1991,SYD-PER,First,114
2/4/1991,SYD-PER,First,141
2/11/1991,SYD-PER,First,169
2/18/1991,SYD-PER,First,200
2/25/1991,SYD-PER,First,201
3/4/1991,SYD-PER,First,122
3/11/1991,SYD-PER,First,160
3/18/1991,SYD-PER,First,153
3/25/1991,SYD-PER,First,131
4/1/1991,SYD-PER,First,88
4/8/1991,SYD-PER,First,144
4/15/1991,SYD-PER,First,181
4/22/1991,SYD-PER,First,133
4/29/1991,SYD-PER,First,165
5/6/1991,SYD-PER,First,176
5/13/1991,SYD-PER,First,90
5/20/1991,SYD-PER,First,158
5/27/1991,SYD-PER,First,141
6/3/1991,SYD-PER,First,90
6/10/1991,SYD-PER,First,121
6/17/1991,SYD-PER,First,105
6/24/1991,SYD-PER,First,114
7/1/1991,SYD-PER,First,136
7/8/1991,SYD-PER,First,83
7/15/1991,SYD-PER,First,90
7/22/1991,SYD-PER,First,91
7/29/1991,SYD-PER,First,86
8/5/1991,SYD-PER,First,109
8/12/1991,SYD-PER,First,113
8/19/1991,SYD-PER,First,100
8/26/1991,SYD-PER,First,105
9/2/1991,SYD-PER,First,121
9/9/1991,SYD-PER,First,91
9/16/1991,SYD-PER,First,139
9/23/1991,SYD-PER,First,113
9/30/1991,SYD-PER,First,106
10/7/1991,SYD-PER,First,84
10/14/1991,SYD-PER,First,86
10/21/1991,SYD-PER,First,111
10/28/1991,SYD-PER,First,137
11/4/1991,SYD-PER,First,114
11/11/1991,SYD-PER,First,104
11/18/1991,SYD-PER,First,107
11/25/1991,SYD-PER,First,75
12/2/1991,SYD-PER,First,98
12/9/1991,SYD-PER,First,110
12/16/1991,SYD-PER,First,139
12/23/1991,SYD-PER,First,37
12/30/1991,SYD-PER,First,62
1/6/1992,SYD-PER,First,120
1/13/1992,SYD-PER,First,76
1/20/1992,SYD-PER,First,134
1/27/1992,SYD-PER,First,94
2/3/1992,SYD-PER,First,183
2/10/1992,SYD-PER,First,231
2/17/1992,SYD-PER,First,253
2/24/1992,SYD-PER,First,267
3/2/1992,SYD-PER,First,228
3/9/1992,SYD-PER,First,241
3/16/1992,SYD-PER,First,238
3/23/1992,SYD-PER,First,415
3/30/1992,SYD-PER,First,363
4/6/1992,SYD-PER,First,339
4/13/1992,SYD-PER,First,299
4/20/1992,SYD-PER,First,238
4/27/1992,SYD-PER,First,382
5/4/1992,SYD-PER,First,311
5/11/1992,SYD-PER,First,262
5/18/1992,SYD-PER,First,259
5/25/1992,SYD-PER,First,260
6/1/1992,SYD-PER,First,210
6/8/1992,SYD-PER,First,211
6/15/1992,SYD-PER,First,251
6/22/1992,SYD-PER,First,186
6/29/1992,SYD-PER,First,180
7/6/1992,SYD-PER,First,191
7/13/1992,SYD-PER,First,164
7/20/1992,SYD-PER,First,177
7/27/1992,SYD-PER,First,171
8/3/1992,SYD-PER,First,175
8/10/1992,SYD-PER,First,154
8/17/1992,SYD-PER,First,196
8/24/1992,SYD-PER,First,178
8/31/1992,SYD-PER,First,216
9/7/1992,SYD-PER,First,156
9/14/1992,SYD-PER,First,176
9/21/1992,SYD-PER,First,191
9/28/1992,SYD-PER,First,204
10/5/1992,SYD-PER,First,183
10/12/1992,SYD-PER,First,220
10/19/1992,SYD-PER,First,234
10/26/1992,SYD-PER,First,203
11/2/1992,SYD-PER,First,137
11/9/1992,SYD-PER,First,161
11/16/1992,SYD-PER,First,155
11/23/1992,SYD-PER,First,188
